Entity,Code,Year,Value
Afghanistan,AFG,2000,214.93
Afghanistan,AFG,2001,216.94
Afghanistan,AFG,2002,216.19
Afghanistan,AFG,2003,212.1
Afghanistan,AFG,2004,210.32
Afghanistan,AFG,2005,205.73
Afghanistan,AFG,2006,205.18
Afghanistan,AFG,2007,203.62
Afghanistan,AFG,2008,200.02
Afghanistan,AFG,2009,193.49
Afghanistan,AFG,2010,189.72
Afghanistan,AFG,2011,186.46
Afghanistan,AFG,2012,183.51
Afghanistan,AFG,2013,181.85
Afghanistan,AFG,2014,179.69
Afghanistan,AFG,2015,179.59
Afghanistan,AFG,2016,182.22
Afghanistan,AFG,2017,184.2
Afghanistan,AFG,2018,184.82
Afghanistan,AFG,2019,187.54
Africa,,2000,141.00398
Africa,,2001,140.8147
Africa,,2002,139.99855
Africa,,2003,139.18903
Africa,,2004,136.5336
Africa,,2005,133.89874
Africa,,2006,134.1855
Africa,,2007,133.46675
Africa,,2008,133.14276
Africa,,2009,131.81343
Africa,,2010,129.44025
Africa,,2011,128.62404
Africa,,2012,128.68596
Africa,,2013,126.71897
Africa,,2014,125.27923
Africa,,2015,125.48663
Africa,,2016,124.38627
Africa,,2017,123.15526
Africa,,2018,122.708
Africa,,2019,121.89506
Albania,ALB,2000,296.37
Albania,ALB,2001,226.09
Albania,ALB,2002,262.55
Albania,ALB,2003,305.58
Albania,ALB,2004,301.21
Albania,ALB,2005,322.45
Albania,ALB,2006,337.73
Albania,ALB,2007,342.32
Albania,ALB,2008,343.84
Albania,ALB,2009,340.71
Albania,ALB,2010,332.71
Albania,ALB,2011,331.92
Albania,ALB,2012,392.83
Albania,ALB,2013,394.04
Albania,ALB,2014,410.78
Albania,ALB,2015,460.57
Albania,ALB,2016,505.28
Albania,ALB,2017,561.87
Albania,ALB,2018,619.44
Albania,ALB,2019,676.26
Algeria,DZA,2000,183.93
Algeria,DZA,2001,187.02
Algeria,DZA,2002,188.9
Algeria,DZA,2003,185.46
Algeria,DZA,2004,185.16
Algeria,DZA,2005,183.59
Algeria,DZA,2006,185.24
Algeria,DZA,2007,185.48
Algeria,DZA,2008,186.06
Algeria,DZA,2009,186.23
Algeria,DZA,2010,185.41
Algeria,DZA,2011,188.8
Algeria,DZA,2012,191.61
Algeria,DZA,2013,194.43
Algeria,DZA,2014,196.7
Algeria,DZA,2015,198.76
Algeria,DZA,2016,201.19
Algeria,DZA,2017,204.72
Algeria,DZA,2018,209.58
Algeria,DZA,2019,212.33
Angola,AGO,2000,125.55
Angola,AGO,2001,124.99
Angola,AGO,2002,123.7
Angola,AGO,2003,124.26
Angola,AGO,2004,122.41
Angola,AGO,2005,116.82
Angola,AGO,2006,118.96
Angola,AGO,2007,109
Angola,AGO,2008,109.14
Angola,AGO,2009,99.87
Angola,AGO,2010,100.47
Angola,AGO,2011,96.47
Angola,AGO,2012,98.08
Angola,AGO,2013,96.49
Angola,AGO,2014,90.36
Angola,AGO,2015,90.25
Angola,AGO,2016,89.13
Angola,AGO,2017,86.9
Angola,AGO,2018,86.46
Angola,AGO,2019,87.42
Antigua and Barbuda,ATG,2000,195.07
Antigua and Barbuda,ATG,2001,184.63
Antigua and Barbuda,ATG,2002,200.77
Antigua and Barbuda,ATG,2003,197.83
Antigua and Barbuda,ATG,2004,204.19
Antigua and Barbuda,ATG,2005,204.44
Antigua and Barbuda,ATG,2006,202.8
Antigua and Barbuda,ATG,2007,220.36
Antigua and Barbuda,ATG,2008,211.12
Antigua and Barbuda,ATG,2009,202.06
Antigua and Barbuda,ATG,2010,205.79
Antigua and Barbuda,ATG,2011,207.15
Antigua and Barbuda,ATG,2012,210.47
Antigua and Barbuda,ATG,2013,212.6
Antigua and Barbuda,ATG,2014,216.17
Antigua and Barbuda,ATG,2015,213.87
Antigua and Barbuda,ATG,2016,216.58
Antigua and Barbuda,ATG,2017,222.99
Antigua and Barbuda,ATG,2018,224.24
Antigua and Barbuda,ATG,2019,226.73
Argentina,ARG,2000,243.94
Argentina,ARG,2001,247.59
Argentina,ARG,2002,248.8
Argentina,ARG,2003,248.83
Argentina,ARG,2004,234.75
Argentina,ARG,2005,228.74
Argentina,ARG,2006,225.65
Argentina,ARG,2007,237.14
Argentina,ARG,2008,223.24
Argentina,ARG,2009,221.39
Argentina,ARG,2010,236.68
Argentina,ARG,2011,232.79
Argentina,ARG,2012,227.21
Argentina,ARG,2013,221.86
Argentina,ARG,2014,214.2
Argentina,ARG,2015,219.05
Argentina,ARG,2016,231.31
Argentina,ARG,2017,220.18
Argentina,ARG,2018,216.14
Argentina,ARG,2019,220.5
Armenia,ARM,2000,446.05
Armenia,ARM,2001,443.79
Armenia,ARM,2002,476.91
Armenia,ARM,2003,483
Armenia,ARM,2004,469.13
Armenia,ARM,2005,478.38
Armenia,ARM,2006,473.2
Armenia,ARM,2007,475.33
Armenia,ARM,2008,483.31
Armenia,ARM,2009,483.02
Armenia,ARM,2010,486.72
Armenia,ARM,2011,476.75
Armenia,ARM,2012,475.16
Armenia,ARM,2013,457.81
Armenia,ARM,2014,466.37
Armenia,ARM,2015,448.26
Armenia,ARM,2016,468.59
Armenia,ARM,2017,507.9
Armenia,ARM,2018,472.05
Armenia,ARM,2019,442.58
Asia,,2000,194.3845
Asia,,2001,198.04968
Asia,,2002,202.3356
Asia,,2003,203.9255
Asia,,2004,203.34607
Asia,,2005,204.02348
Asia,,2006,205.5193
Asia,,2007,207.56906
Asia,,2008,210.70062
Asia,,2009,210.90964
Asia,,2010,212.75465
Asia,,2011,216.78046
Asia,,2012,218.8069
Asia,,2013,220.78064
Asia,,2014,220.81651
Asia,,2015,220.97177
Asia,,2016,225.40952
Asia,,2017,228.7843
Asia,,2018,231.70421
Asia,,2019,234.19168
Australia,AUS,2000,250.86
Australia,AUS,2001,245.84
Australia,AUS,2002,244.8
Australia,AUS,2003,235.91
Australia,AUS,2004,230.58
Australia,AUS,2005,229.82
Australia,AUS,2006,225.48
Australia,AUS,2007,217.97
Australia,AUS,2008,223.16
Australia,AUS,2009,207.1
Australia,AUS,2010,199.16
Australia,AUS,2011,201.51
Australia,AUS,2012,191.89
Australia,AUS,2013,187.04
Australia,AUS,2014,190.78
Australia,AUS,2015,189.78
Australia,AUS,2016,182.03
Australia,AUS,2017,178.15
Australia,AUS,2018,168.9
Australia,AUS,2019,167.55
Austria,AUT,2000,483.59
Austria,AUT,2001,465.42
Austria,AUT,2002,455.31
Austria,AUT,2003,433.7
Austria,AUT,2004,401.12
Austria,AUT,2005,392.53
Austria,AUT,2006,393.04
Austria,AUT,2007,397.59
Austria,AUT,2008,390.3
Austria,AUT,2009,405.01
Austria,AUT,2010,400.02
Austria,AUT,2011,391.3
Austria,AUT,2012,410.7
Austria,AUT,2013,411.97
Austria,AUT,2014,396.25
Austria,AUT,2015,420.15
Austria,AUT,2016,392.32
Austria,AUT,2017,389.66
Austria,AUT,2018,380.65
Austria,AUT,2019,369.33
Azerbaijan,AZE,2000,387.92
Azerbaijan,AZE,2001,391.5
Azerbaijan,AZE,2002,404.73
Azerbaijan,AZE,2003,419.41
Azerbaijan,AZE,2004,429.76
Azerbaijan,AZE,2005,439.46
Azerbaijan,AZE,2006,449.05
Azerbaijan,AZE,2007,451.7
Azerbaijan,AZE,2008,458.39
Azerbaijan,AZE,2009,461.96
Azerbaijan,AZE,2010,462.92
Azerbaijan,AZE,2011,473.88
Azerbaijan,AZE,2012,484.37
Azerbaijan,AZE,2013,492.73
Azerbaijan,AZE,2014,504.77
Azerbaijan,AZE,2015,508.18
Azerbaijan,AZE,2016,522.1
Azerbaijan,AZE,2017,534
Azerbaijan,AZE,2018,516.57
Azerbaijan,AZE,2019,512.81
Bahamas,BHS,2000,170.78
Bahamas,BHS,2001,181.87
Bahamas,BHS,2002,175.95
Bahamas,BHS,2003,177.28
Bahamas,BHS,2004,195.7
Bahamas,BHS,2005,185.31
Bahamas,BHS,2006,191.39
Bahamas,BHS,2007,183.72
Bahamas,BHS,2008,188.66
Bahamas,BHS,2009,192.45
Bahamas,BHS,2010,196.04
Bahamas,BHS,2011,199.01
Bahamas,BHS,2012,194.83
Bahamas,BHS,2013,189.46
Bahamas,BHS,2014,189.98
Bahamas,BHS,2015,200.28
Bahamas,BHS,2016,208.17
Bahamas,BHS,2017,210.03
Bahamas,BHS,2018,222.47
Bahamas,BHS,2019,228.63
Bahrain,BHR,2000,156.38
Bahrain,BHR,2001,150.9
Bahrain,BHR,2002,142.73
Bahrain,BHR,2003,130.5
Bahrain,BHR,2004,115.41
Bahrain,BHR,2005,101.47
Bahrain,BHR,2006,90.16
Bahrain,BHR,2007,92.2
Bahrain,BHR,2008,90.75
Bahrain,BHR,2009,89.47
Bahrain,BHR,2010,84.21
Bahrain,BHR,2011,81.37
Bahrain,BHR,2012,78.16
Bahrain,BHR,2013,75.56
Bahrain,BHR,2014,75.27
Bahrain,BHR,2015,75.45
Bahrain,BHR,2016,77.63
Bahrain,BHR,2017,81.32
Bahrain,BHR,2018,86.01
Bahrain,BHR,2019,88.33
Bangladesh,BGD,2000,119.2
Bangladesh,BGD,2001,123.63
Bangladesh,BGD,2002,131.45
Bangladesh,BGD,2003,137.81
Bangladesh,BGD,2004,142.65
Bangladesh,BGD,2005,150.99
Bangladesh,BGD,2006,160.95
Bangladesh,BGD,2007,162.79
Bangladesh,BGD,2008,162.02
Bangladesh,BGD,2009,161.67
Bangladesh,BGD,2010,161.19
Bangladesh,BGD,2011,150.53
Bangladesh,BGD,2012,141.84
Bangladesh,BGD,2013,142.17
Bangladesh,BGD,2014,146.13
Bangladesh,BGD,2015,146.99
Bangladesh,BGD,2016,149.97
Bangladesh,BGD,2017,159.91
Bangladesh,BGD,2018,164.64
Bangladesh,BGD,2019,167.69
Barbados,BRB,2000,312.03
Barbados,BRB,2001,305.63
Barbados,BRB,2002,309.63
Barbados,BRB,2003,306.06
Barbados,BRB,2004,300.22
Barbados,BRB,2005,290.18
Barbados,BRB,2006,302.31
Barbados,BRB,2007,316.34
Barbados,BRB,2008,316.02
Barbados,BRB,2009,305.77
Barbados,BRB,2010,300.15
Barbados,BRB,2011,303.32
Barbados,BRB,2012,303.57
Barbados,BRB,2013,314.17
Barbados,BRB,2014,314.8
Barbados,BRB,2015,316.31
Barbados,BRB,2016,324.13
Barbados,BRB,2017,328.31
Barbados,BRB,2018,336.15
Barbados,BRB,2019,350.08
Belarus,BLR,2000,785.14
Belarus,BLR,2001,839.34
Belarus,BLR,2002,900.35
Belarus,BLR,2003,890.51
Belarus,BLR,2004,872.38
Belarus,BLR,2005,879.83
Belarus,BLR,2006,876.8
Belarus,BLR,2007,851.86
Belarus,BLR,2008,858.27
Belarus,BLR,2009,866.69
Belarus,BLR,2010,876.59
Belarus,BLR,2011,872.03
Belarus,BLR,2012,836.61
Belarus,BLR,2013,836.21
Belarus,BLR,2014,808.71
Belarus,BLR,2015,794.52
Belarus,BLR,2016,797.9
Belarus,BLR,2017,793.13
Belarus,BLR,2018,799.39
Belarus,BLR,2019,774.16
Belgium,BEL,2000,364.66
Belgium,BEL,2001,355.88
Belgium,BEL,2002,358.61
Belgium,BEL,2003,359.91
Belgium,BEL,2004,336.74
Belgium,BEL,2005,326.18
Belgium,BEL,2006,312.67
Belgium,BEL,2007,305.93
Belgium,BEL,2008,306.38
Belgium,BEL,2009,298.64
Belgium,BEL,2010,303.68
Belgium,BEL,2011,292.05
Belgium,BEL,2012,294.43
Belgium,BEL,2013,288.68
Belgium,BEL,2014,274.54
Belgium,BEL,2015,282.58
Belgium,BEL,2016,270.12
Belgium,BEL,2017,277.61
Belgium,BEL,2018,273.62
Belgium,BEL,2019,268.24
Belize,BLZ,2000,129.87
Belize,BLZ,2001,108.03
Belize,BLZ,2002,99.76
Belize,BLZ,2003,95.17
Belize,BLZ,2004,93.31
Belize,BLZ,2005,82.63
Belize,BLZ,2006,84.31
Belize,BLZ,2007,83.68
Belize,BLZ,2008,79.36
Belize,BLZ,2009,86.71
Belize,BLZ,2010,91.31
Belize,BLZ,2011,91.28
Belize,BLZ,2012,90.17
Belize,BLZ,2013,90.86
Belize,BLZ,2014,95.19
Belize,BLZ,2015,96.7
Belize,BLZ,2016,97.09
Belize,BLZ,2017,101.32
Belize,BLZ,2018,103.95
Belize,BLZ,2019,108.84
Benin,BEN,2000,137.12
Benin,BEN,2001,136.32
Benin,BEN,2002,135.51
Benin,BEN,2003,133.53
Benin,BEN,2004,131.59
Benin,BEN,2005,128.58
Benin,BEN,2006,127.96
Benin,BEN,2007,126.18
Benin,BEN,2008,123.74
Benin,BEN,2009,123.66
Benin,BEN,2010,122.13
Benin,BEN,2011,122.86
Benin,BEN,2012,122.95
Benin,BEN,2013,122.54
Benin,BEN,2014,121.1
Benin,BEN,2015,120.97
Benin,BEN,2016,120.69
Benin,BEN,2017,120.07
Benin,BEN,2018,119.29
Benin,BEN,2019,117.73
Bhutan,BTN,2000,120.34
Bhutan,BTN,2001,121.93
Bhutan,BTN,2002,122.03
Bhutan,BTN,2003,123.49
Bhutan,BTN,2004,123.97
Bhutan,BTN,2005,125.12
Bhutan,BTN,2006,127.67
Bhutan,BTN,2007,129.84
Bhutan,BTN,2008,131.56
Bhutan,BTN,2009,133.59
Bhutan,BTN,2010,134.51
Bhutan,BTN,2011,138.03
Bhutan,BTN,2012,142.33
Bhutan,BTN,2013,146.07
Bhutan,BTN,2014,149.42
Bhutan,BTN,2015,152.44
Bhutan,BTN,2016,154.22
Bhutan,BTN,2017,161.11
Bhutan,BTN,2018,164.61
Bhutan,BTN,2019,168.24
Bolivia,BOL,2000,149.03
Bolivia,BOL,2001,146.78
Bolivia,BOL,2002,145.85
Bolivia,BOL,2003,144.84
Bolivia,BOL,2004,143.82
Bolivia,BOL,2005,144.11
Bolivia,BOL,2006,144.62
Bolivia,BOL,2007,148.43
Bolivia,BOL,2008,150.28
Bolivia,BOL,2009,152.81
Bolivia,BOL,2010,156.15
Bolivia,BOL,2011,161.11
Bolivia,BOL,2012,163.98
Bolivia,BOL,2013,169.53
Bolivia,BOL,2014,174.33
Bolivia,BOL,2015,177.52
Bolivia,BOL,2016,183.81
Bolivia,BOL,2017,186.43
Bolivia,BOL,2018,190.05
Bolivia,BOL,2019,195.02
Bosnia and Herzegovina,BIH,2000,391.09
Bosnia and Herzegovina,BIH,2001,424.82
Bosnia and Herzegovina,BIH,2002,447.41
Bosnia and Herzegovina,BIH,2003,456.86
Bosnia and Herzegovina,BIH,2004,463.36
Bosnia and Herzegovina,BIH,2005,480.45
Bosnia and Herzegovina,BIH,2006,487.61
Bosnia and Herzegovina,BIH,2007,520.58
Bosnia and Herzegovina,BIH,2008,506.32
Bosnia and Herzegovina,BIH,2009,516.26
Bosnia and Herzegovina,BIH,2010,523.34
Bosnia and Herzegovina,BIH,2011,540.45
Bosnia and Herzegovina,BIH,2012,540.15
Bosnia and Herzegovina,BIH,2013,543.63
Bosnia and Herzegovina,BIH,2014,542.57
Bosnia and Herzegovina,BIH,2015,543.78
Bosnia and Herzegovina,BIH,2016,553.36
Bosnia and Herzegovina,BIH,2017,565.1
Bosnia and Herzegovina,BIH,2018,582.03
Bosnia and Herzegovina,BIH,2019,595.31
Botswana,BWA,2000,206.59
Botswana,BWA,2001,207.87
Botswana,BWA,2002,205.59
Botswana,BWA,2003,203.84
Botswana,BWA,2004,204.14
Botswana,BWA,2005,203.78
Botswana,BWA,2006,196.47
Botswana,BWA,2007,188.59
Botswana,BWA,2008,186.31
Botswana,BWA,2009,175
Botswana,BWA,2010,170.99
Botswana,BWA,2011,173.39
Botswana,BWA,2012,177.25
Botswana,BWA,2013,178.87
Botswana,BWA,2014,178.31
Botswana,BWA,2015,178.09
Botswana,BWA,2016,177.54
Botswana,BWA,2017,179.46
Botswana,BWA,2018,181.5
Botswana,BWA,2019,177.08
Brazil,BRA,2000,171.78
Brazil,BRA,2001,171.24
Brazil,BRA,2002,170.08
Brazil,BRA,2003,171.4
Brazil,BRA,2004,174.38
Brazil,BRA,2005,166.99
Brazil,BRA,2006,171.32
Brazil,BRA,2007,171.26
Brazil,BRA,2008,173.71
Brazil,BRA,2009,173.26
Brazil,BRA,2010,174.44
Brazil,BRA,2011,176.73
Brazil,BRA,2012,174.21
Brazil,BRA,2013,174.96
Brazil,BRA,2014,173.63
Brazil,BRA,2015,177
Brazil,BRA,2016,181.68
Brazil,BRA,2017,177.76
Brazil,BRA,2018,180.42
Brazil,BRA,2019,180.77
Brunei,BRN,2000,104.32
Brunei,BRN,2001,109.22
Brunei,BRN,2002,118.69
Brunei,BRN,2003,121.33
Brunei,BRN,2004,114.92
Brunei,BRN,2005,112.37
Brunei,BRN,2006,111.67
Brunei,BRN,2007,114.48
Brunei,BRN,2008,116.63
Brunei,BRN,2009,114.95
Brunei,BRN,2010,115.55
Brunei,BRN,2011,100.87
Brunei,BRN,2012,103.4
Brunei,BRN,2013,108.54
Brunei,BRN,2014,109.31
Brunei,BRN,2015,114.78
Brunei,BRN,2016,122.87
Brunei,BRN,2017,140.85
Brunei,BRN,2018,150.67
Brunei,BRN,2019,155.21
Bulgaria,BGR,2000,996.56
Bulgaria,BGR,2001,986.05
Bulgaria,BGR,2002,1018.83
Bulgaria,BGR,2003,1024
Bulgaria,BGR,2004,997.33
Bulgaria,BGR,2005,982.15
Bulgaria,BGR,2006,1002.93
Bulgaria,BGR,2007,1001.1
Bulgaria,BGR,2008,973.67
Bulgaria,BGR,2009,969.04
Bulgaria,BGR,2010,1004.14
Bulgaria,BGR,2011,986.84
Bulgaria,BGR,2012,982.03
Bulgaria,BGR,2013,932.19
Bulgaria,BGR,2014,977.77
Bulgaria,BGR,2015,976.5
Bulgaria,BGR,2016,973.88
Bulgaria,BGR,2017,1012.75
Bulgaria,BGR,2018,997.07
Bulgaria,BGR,2019,984.04
Burkina Faso,BFA,2000,106.65
Burkina Faso,BFA,2001,108.77
Burkina Faso,BFA,2002,110.51
Burkina Faso,BFA,2003,107.72
Burkina Faso,BFA,2004,106.88
Burkina Faso,BFA,2005,105.12
Burkina Faso,BFA,2006,106.24
Burkina Faso,BFA,2007,105.92
Burkina Faso,BFA,2008,105.83
Burkina Faso,BFA,2009,105.97
Burkina Faso,BFA,2010,103.59
Burkina Faso,BFA,2011,102.46
Burkina Faso,BFA,2012,102.79
Burkina Faso,BFA,2013,102.16
Burkina Faso,BFA,2014,99.92
Burkina Faso,BFA,2015,98.95
Burkina Faso,BFA,2016,97.84
Burkina Faso,BFA,2017,95.94
Burkina Faso,BFA,2018,94.52
Burkina Faso,BFA,2019,93.68
Burundi,BDI,2000,137.97
Burundi,BDI,2001,130.94
Burundi,BDI,2002,126.15
Burundi,BDI,2003,120.82
Burundi,BDI,2004,116.72
Burundi,BDI,2005,112.61
Burundi,BDI,2006,111.23
Burundi,BDI,2007,107.11
Burundi,BDI,2008,103.86
Burundi,BDI,2009,101.48
Burundi,BDI,2010,99.39
Burundi,BDI,2011,98.21
Burundi,BDI,2012,96.71
Burundi,BDI,2013,94.87
Burundi,BDI,2014,92.21
Burundi,BDI,2015,89.79
Burundi,BDI,2016,89.6
Burundi,BDI,2017,89.39
Burundi,BDI,2018,88.57
Burundi,BDI,2019,88.34
Cambodia,KHM,2000,133.09
Cambodia,KHM,2001,134.47
Cambodia,KHM,2002,134.42
Cambodia,KHM,2003,133.1
Cambodia,KHM,2004,134.88
Cambodia,KHM,2005,136.18
Cambodia,KHM,2006,138.2
Cambodia,KHM,2007,139.57
Cambodia,KHM,2008,139.9
Cambodia,KHM,2009,140.65
Cambodia,KHM,2010,143.1
Cambodia,KHM,2011,146.31
Cambodia,KHM,2012,148.05
Cambodia,KHM,2013,150.13
Cambodia,KHM,2014,150.71
Cambodia,KHM,2015,152.55
Cambodia,KHM,2016,155.29
Cambodia,KHM,2017,158.46
Cambodia,KHM,2018,162.11
Cambodia,KHM,2019,164.28
Cameroon,CMR,2000,136.2
Cameroon,CMR,2001,137.57
Cameroon,CMR,2002,136.41
Cameroon,CMR,2003,136.43
Cameroon,CMR,2004,133.53
Cameroon,CMR,2005,135.4
Cameroon,CMR,2006,135.88
Cameroon,CMR,2007,132.95
Cameroon,CMR,2008,130.3
Cameroon,CMR,2009,128.27
Cameroon,CMR,2010,124.75
Cameroon,CMR,2011,123.86
Cameroon,CMR,2012,121.95
Cameroon,CMR,2013,120
Cameroon,CMR,2014,116.08
Cameroon,CMR,2015,112.09
Cameroon,CMR,2016,109.66
Cameroon,CMR,2017,107.11
Cameroon,CMR,2018,105.95
Cameroon,CMR,2019,104.98
Canada,CAN,2000,246.4
Canada,CAN,2001,239.3
Canada,CAN,2002,236.35
Canada,CAN,2003,233.01
Canada,CAN,2004,225.38
Canada,CAN,2005,219.32
Canada,CAN,2006,209.53
Canada,CAN,2007,209.22
Canada,CAN,2008,206.69
Canada,CAN,2009,200.63
Canada,CAN,2010,195.51
Canada,CAN,2011,189.26
Canada,CAN,2012,188.71
Canada,CAN,2013,190.64
Canada,CAN,2014,191.9
Canada,CAN,2015,193.19
Canada,CAN,2016,191.08
Canada,CAN,2017,194.47
Canada,CAN,2018,189.08
Canada,CAN,2019,187.71
Cape Verde,CPV,2000,114.55
Cape Verde,CPV,2001,116.16
Cape Verde,CPV,2002,117.6
Cape Verde,CPV,2003,118.5
Cape Verde,CPV,2004,119.77
Cape Verde,CPV,2005,121.51
Cape Verde,CPV,2006,114.96
Cape Verde,CPV,2007,113.72
Cape Verde,CPV,2008,115.45
Cape Verde,CPV,2009,116.97
Cape Verde,CPV,2010,117.75
Cape Verde,CPV,2011,122.18
Cape Verde,CPV,2012,124.48
Cape Verde,CPV,2013,124.28
Cape Verde,CPV,2014,125.52
Cape Verde,CPV,2015,128.79
Cape Verde,CPV,2016,136.81
Cape Verde,CPV,2017,138.83
Cape Verde,CPV,2018,159.77
Cape Verde,CPV,2019,157.33
Central African Republic,CAF,2000,233.58
Central African Republic,CAF,2001,226.22
Central African Republic,CAF,2002,223.45
Central African Republic,CAF,2003,216.78
Central African Republic,CAF,2004,210.3
Central African Republic,CAF,2005,203.14
Central African Republic,CAF,2006,205.65
Central African Republic,CAF,2007,202.66
Central African Republic,CAF,2008,199.37
Central African Republic,CAF,2009,201.23
Central African Republic,CAF,2010,197.32
Central African Republic,CAF,2011,196.43
Central African Republic,CAF,2012,193.46
Central African Republic,CAF,2013,192.2
Central African Republic,CAF,2014,189.6
Central African Republic,CAF,2015,186.72
Central African Republic,CAF,2016,183.09
Central African Republic,CAF,2017,182.78
Central African Republic,CAF,2018,177.99
Central African Republic,CAF,2019,174.29
Chad,TCD,2000,112.13
Chad,TCD,2001,110.8
Chad,TCD,2002,110.56
Chad,TCD,2003,109.81
Chad,TCD,2004,106.59
Chad,TCD,2005,104.84
Chad,TCD,2006,104.13
Chad,TCD,2007,106.02
Chad,TCD,2008,104.34
Chad,TCD,2009,103.96
Chad,TCD,2010,103.3
Chad,TCD,2011,103.21
Chad,TCD,2012,103.2
Chad,TCD,2013,102.02
Chad,TCD,2014,98.9
Chad,TCD,2015,97.21
Chad,TCD,2016,95.62
Chad,TCD,2017,96.11
Chad,TCD,2018,94.37
Chad,TCD,2019,92.25
Chile,CHL,2000,146.54
Chile,CHL,2001,148.25
Chile,CHL,2002,144.12
Chile,CHL,2003,150.98
Chile,CHL,2004,152.05
Chile,CHL,2005,150.02
Chile,CHL,2006,146.13
Chile,CHL,2007,153.29
Chile,CHL,2008,143.96
Chile,CHL,2009,147.43
Chile,CHL,2010,158.65
Chile,CHL,2011,149.86
Chile,CHL,2012,157.31
Chile,CHL,2013,156.83
Chile,CHL,2014,158.52
Chile,CHL,2015,157.62
Chile,CHL,2016,155.47
Chile,CHL,2017,153.52
Chile,CHL,2018,149.38
Chile,CHL,2019,149.88
China,CHN,2000,224.16
China,CHN,2001,231.46
China,CHN,2002,241.12
China,CHN,2003,247.77
China,CHN,2004,253.79
China,CHN,2005,252.12
China,CHN,2006,248.71
China,CHN,2007,250.32
China,CHN,2008,254.65
China,CHN,2009,259.48
China,CHN,2010,264.28
China,CHN,2011,273.68
China,CHN,2012,275.43
China,CHN,2013,278.07
China,CHN,2014,278.17
China,CHN,2015,278.09
China,CHN,2016,285.97
China,CHN,2017,290.4
China,CHN,2018,293.18
China,CHN,2019,299.06
Colombia,COL,2000,122.03
Colombia,COL,2001,119.99
Colombia,COL,2002,117.83
Colombia,COL,2003,120.97
Colombia,COL,2004,121.44
Colombia,COL,2005,124.17
Colombia,COL,2006,125.63
Colombia,COL,2007,123.55
Colombia,COL,2008,125.12
Colombia,COL,2009,119.04
Colombia,COL,2010,122.84
Colombia,COL,2011,121.53
Colombia,COL,2012,124.02
Colombia,COL,2013,126.35
Colombia,COL,2014,132.64
Colombia,COL,2015,139.77
Colombia,COL,2016,138.94
Colombia,COL,2017,141.79
Colombia,COL,2018,143.47
Colombia,COL,2019,146.21
Comoros,COM,2000,122.97
Comoros,COM,2001,120.96
Comoros,COM,2002,117.77
Comoros,COM,2003,114.14
Comoros,COM,2004,112.04
Comoros,COM,2005,109.3
Comoros,COM,2006,109.49
Comoros,COM,2007,108.38
Comoros,COM,2008,108.77
Comoros,COM,2009,106.26
Comoros,COM,2010,106.37
Comoros,COM,2011,105.92
Comoros,COM,2012,106.16
Comoros,COM,2013,105.42
Comoros,COM,2014,107.05
Comoros,COM,2015,105.98
Comoros,COM,2016,106.49
Comoros,COM,2017,106.36
Comoros,COM,2018,106.36
Comoros,COM,2019,106.43
Congo,COG,2000,183.72
Congo,COG,2001,170.42
Congo,COG,2002,159.67
Congo,COG,2003,153.55
Congo,COG,2004,151.83
Congo,COG,2005,145.94
Congo,COG,2006,144.74
Congo,COG,2007,141.77
Congo,COG,2008,138.76
Congo,COG,2009,138.81
Congo,COG,2010,134.84
Congo,COG,2011,133.17
Congo,COG,2012,135.24
Congo,COG,2013,131.45
Congo,COG,2014,127.79
Congo,COG,2015,120.84
Congo,COG,2016,121.3
Congo,COG,2017,119.79
Congo,COG,2018,118.32
Congo,COG,2019,117.51
Costa Rica,CRI,2000,118.68
Costa Rica,CRI,2001,120
Costa Rica,CRI,2002,111.26
Costa Rica,CRI,2003,106.71
Costa Rica,CRI,2004,112.27
Costa Rica,CRI,2005,104.89
Costa Rica,CRI,2006,111.63
Costa Rica,CRI,2007,105.93
Costa Rica,CRI,2008,105.48
Costa Rica,CRI,2009,106.37
Costa Rica,CRI,2010,121.1
Costa Rica,CRI,2011,116.58
Costa Rica,CRI,2012,121.36
Costa Rica,CRI,2013,118.04
Costa Rica,CRI,2014,124.32
Costa Rica,CRI,2015,117.01
Costa Rica,CRI,2016,119.49
Costa Rica,CRI,2017,121.73
Costa Rica,CRI,2018,119.21
Costa Rica,CRI,2019,120
Cote d'Ivoire,CIV,2000,137.55
Cote d'Ivoire,CIV,2001,134.96
Cote d'Ivoire,CIV,2002,133.28
Cote d'Ivoire,CIV,2003,132.37
Cote d'Ivoire,CIV,2004,129.89
Cote d'Ivoire,CIV,2005,126.44
Cote d'Ivoire,CIV,2006,129.34
Cote d'Ivoire,CIV,2007,128.84
Cote d'Ivoire,CIV,2008,123.27
Cote d'Ivoire,CIV,2009,124.05
Cote d'Ivoire,CIV,2010,125
Cote d'Ivoire,CIV,2011,122.4
Cote d'Ivoire,CIV,2012,121.63
Cote d'Ivoire,CIV,2013,118.57
Cote d'Ivoire,CIV,2014,113.47
Cote d'Ivoire,CIV,2015,109.32
Cote d'Ivoire,CIV,2016,106.64
Cote d'Ivoire,CIV,2017,104.07
Cote d'Ivoire,CIV,2018,101.95
Cote d'Ivoire,CIV,2019,100.9
Croatia,HRV,2000,602.02
Croatia,HRV,2001,600.9
Croatia,HRV,2002,608.96
Croatia,HRV,2003,632.7
Croatia,HRV,2004,569.24
Croatia,HRV,2005,592.82
Croatia,HRV,2006,582.63
Croatia,HRV,2007,604.18
Croatia,HRV,2008,599.6
Croatia,HRV,2009,597.09
Croatia,HRV,2010,592.01
Croatia,HRV,2011,576.21
Croatia,HRV,2012,583
Croatia,HRV,2013,567.53
Croatia,HRV,2014,566.71
Croatia,HRV,2015,608.67
Croatia,HRV,2016,551.48
Croatia,HRV,2017,564.15
Croatia,HRV,2018,550.43
Croatia,HRV,2019,535.21
Cuba,CUB,2000,279.5
Cuba,CUB,2001,284.02
Cuba,CUB,2002,261.71
Cuba,CUB,2003,276.48
Cuba,CUB,2004,280.77
Cuba,CUB,2005,297.87
Cuba,CUB,2006,281
Cuba,CUB,2007,280.9
Cuba,CUB,2008,302.39
Cuba,CUB,2009,299.17
Cuba,CUB,2010,319.47
Cuba,CUB,2011,293.11
Cuba,CUB,2012,295.41
Cuba,CUB,2013,301.32
Cuba,CUB,2014,315.24
Cuba,CUB,2015,321.6
Cuba,CUB,2016,319.94
Cuba,CUB,2017,351.52
Cuba,CUB,2018,350.07
Cuba,CUB,2019,358.91
Cyprus,CYP,2000,255.76
Cyprus,CYP,2001,262.05
Cyprus,CYP,2002,261.59
Cyprus,CYP,2003,260.15
Cyprus,CYP,2004,254.97
Cyprus,CYP,2005,249.3
Cyprus,CYP,2006,246.68
Cyprus,CYP,2007,233.17
Cyprus,CYP,2008,224.87
Cyprus,CYP,2009,214.18
Cyprus,CYP,2010,210.76
Cyprus,CYP,2011,214.85
Cyprus,CYP,2012,204.31
Cyprus,CYP,2013,193.09
Cyprus,CYP,2014,197.01
Cyprus,CYP,2015,194.75
Cyprus,CYP,2016,192.1
Cyprus,CYP,2017,183.08
Cyprus,CYP,2018,168.86
Cyprus,CYP,2019,174.67
Czechia,CZE,2000,547.87
Czechia,CZE,2001,553.7
Czechia,CZE,2002,555.44
Czechia,CZE,2003,569.05
Czechia,CZE,2004,534.84
Czechia,CZE,2005,525.47
Czechia,CZE,2006,508.7
Czechia,CZE,2007,511.46
Czechia,CZE,2008,511.58
Czechia,CZE,2009,523.9
Czechia,CZE,2010,513.68
Czechia,CZE,2011,504.5
Czechia,CZE,2012,509.78
Czechia,CZE,2013,500.21
Czechia,CZE,2014,466.5
Czechia,CZE,2015,483.85
Czechia,CZE,2016,455.99
Czechia,CZE,2017,474.06
Czechia,CZE,2018,463.52
Czechia,CZE,2019,448.09
Democratic Republic of Congo,COD,2000,133.95
Democratic Republic of Congo,COD,2001,134.05
Democratic Republic of Congo,COD,2002,132.01
Democratic Republic of Congo,COD,2003,134.07
Democratic Republic of Congo,COD,2004,132.7
Democratic Republic of Congo,COD,2005,130.76
Democratic Republic of Congo,COD,2006,130.37
Democratic Republic of Congo,COD,2007,127.85
Democratic Republic of Congo,COD,2008,128.12
Democratic Republic of Congo,COD,2009,129.27
Democratic Republic of Congo,COD,2010,126.94
Democratic Republic of Congo,COD,2011,125.06
Democratic Republic of Congo,COD,2012,122.74
Democratic Republic of Congo,COD,2013,119.3
Democratic Republic of Congo,COD,2014,116.99
Democratic Republic of Congo,COD,2015,113.83
Democratic Republic of Congo,COD,2016,112.26
Democratic Republic of Congo,COD,2017,111.9
Democratic Republic of Congo,COD,2018,113.87
Democratic Republic of Congo,COD,2019,113.57
Denmark,DNK,2000,392.47
Denmark,DNK,2001,402.97
Denmark,DNK,2002,394.6
Denmark,DNK,2003,382.87
Denmark,DNK,2004,355.31
Denmark,DNK,2005,329.7
Denmark,DNK,2006,320.35
Denmark,DNK,2007,313.03
Denmark,DNK,2008,295.3
Denmark,DNK,2009,289.41
Denmark,DNK,2010,277.52
Denmark,DNK,2011,256.6
Denmark,DNK,2012,252.89
Denmark,DNK,2013,245.37
Denmark,DNK,2014,231.39
Denmark,DNK,2015,234.92
Denmark,DNK,2016,233.1
Denmark,DNK,2017,229.2
Denmark,DNK,2018,228.6
Denmark,DNK,2019,221.39
Djibouti,DJI,2000,123.95
Djibouti,DJI,2001,123.63
Djibouti,DJI,2002,126.3
Djibouti,DJI,2003,128.9
Djibouti,DJI,2004,130.95
Djibouti,DJI,2005,131.56
Djibouti,DJI,2006,133.65
Djibouti,DJI,2007,135.7
Djibouti,DJI,2008,138.92
Djibouti,DJI,2009,142.96
Djibouti,DJI,2010,147.91
Djibouti,DJI,2011,151.99
Djibouti,DJI,2012,155.46
Djibouti,DJI,2013,159.64
Djibouti,DJI,2014,162.36
Djibouti,DJI,2015,163.28
Djibouti,DJI,2016,167.77
Djibouti,DJI,2017,172.8
Djibouti,DJI,2018,175.59
Djibouti,DJI,2019,177.71
Dominican Republic,DOM,2000,106.2
Dominican Republic,DOM,2001,105.71
Dominican Republic,DOM,2002,109.15
Dominican Republic,DOM,2003,119.07
Dominican Republic,DOM,2004,127.74
Dominican Republic,DOM,2005,136.5
Dominican Republic,DOM,2006,146.81
Dominican Republic,DOM,2007,155.27
Dominican Republic,DOM,2008,162.12
Dominican Republic,DOM,2009,170.78
Dominican Republic,DOM,2010,173.9
Dominican Republic,DOM,2011,184
Dominican Republic,DOM,2012,199.45
Dominican Republic,DOM,2013,216.63
Dominican Republic,DOM,2014,235.37
Dominican Republic,DOM,2015,250
Dominican Republic,DOM,2016,257.7
Dominican Republic,DOM,2017,255.51
Dominican Republic,DOM,2018,251.72
Dominican Republic,DOM,2019,247.9
East Timor,TLS,2000,106.13
East Timor,TLS,2001,110.64
East Timor,TLS,2002,109.89
East Timor,TLS,2003,118.48
East Timor,TLS,2004,123.4
East Timor,TLS,2005,122.55
East Timor,TLS,2006,117.66
East Timor,TLS,2007,113.33
East Timor,TLS,2008,113.86
East Timor,TLS,2009,137.68
East Timor,TLS,2010,136.01
East Timor,TLS,2011,138.69
East Timor,TLS,2012,134.68
East Timor,TLS,2013,136.68
East Timor,TLS,2014,139.36
East Timor,TLS,2015,136.43
East Timor,TLS,2016,142.98
East Timor,TLS,2017,143.94
East Timor,TLS,2018,149.72
East Timor,TLS,2019,153.97
Ecuador,ECU,2000,91.19
Ecuador,ECU,2001,91.98
Ecuador,ECU,2002,100.49
Ecuador,ECU,2003,101.15
Ecuador,ECU,2004,105.75
Ecuador,ECU,2005,111.98
Ecuador,ECU,2006,113.19
Ecuador,ECU,2007,111.9
Ecuador,ECU,2008,114.61
Ecuador,ECU,2009,110.54
Ecuador,ECU,2010,112.7
Ecuador,ECU,2011,112.62
Ecuador,ECU,2012,114.43
Ecuador,ECU,2013,111.73
Ecuador,ECU,2014,108.81
Ecuador,ECU,2015,111.3
Ecuador,ECU,2016,113.97
Ecuador,ECU,2017,116.23
Ecuador,ECU,2018,114.08
Ecuador,ECU,2019,112.69
Egypt,EGY,2000,228.22
Egypt,EGY,2001,241.45
Egypt,EGY,2002,247.71
Egypt,EGY,2003,257.01
Egypt,EGY,2004,251.16
Egypt,EGY,2005,246.76
Egypt,EGY,2006,248.55
Egypt,EGY,2007,248.75
Egypt,EGY,2008,252.18
Egypt,EGY,2009,253.98
Egypt,EGY,2010,255.48
Egypt,EGY,2011,251.51
Egypt,EGY,2012,266.04
Egypt,EGY,2013,251.06
Egypt,EGY,2014,255.19
Egypt,EGY,2015,272.67
Egypt,EGY,2016,259.77
Egypt,EGY,2017,249.62
Egypt,EGY,2018,251.72
Egypt,EGY,2019,252.65
El Salvador,SLV,2000,93.35
El Salvador,SLV,2001,93.24
El Salvador,SLV,2002,90.09
El Salvador,SLV,2003,91.97
El Salvador,SLV,2004,90.53
El Salvador,SLV,2005,93.6
El Salvador,SLV,2006,99.78
El Salvador,SLV,2007,94.89
El Salvador,SLV,2008,100.54
El Salvador,SLV,2009,102.33
El Salvador,SLV,2010,105.14
El Salvador,SLV,2011,110.1
El Salvador,SLV,2012,103.86
El Salvador,SLV,2013,102.71
El Salvador,SLV,2014,108.61
El Salvador,SLV,2015,146.33
El Salvador,SLV,2016,118.11
El Salvador,SLV,2017,123.63
El Salvador,SLV,2018,125.8
El Salvador,SLV,2019,127.36
Equatorial Guinea,GNQ,2000,169.56
Equatorial Guinea,GNQ,2001,155.55
Equatorial Guinea,GNQ,2002,141.56
Equatorial Guinea,GNQ,2003,135.1
Equatorial Guinea,GNQ,2004,126.91
Equatorial Guinea,GNQ,2005,119.53
Equatorial Guinea,GNQ,2006,117.82
Equatorial Guinea,GNQ,2007,113.48
Equatorial Guinea,GNQ,2008,110.2
Equatorial Guinea,GNQ,2009,107.4
Equatorial Guinea,GNQ,2010,106.36
Equatorial Guinea,GNQ,2011,106.64
Equatorial Guinea,GNQ,2012,101.57
Equatorial Guinea,GNQ,2013,94.47
Equatorial Guinea,GNQ,2014,94.54
Equatorial Guinea,GNQ,2015,97.95
Equatorial Guinea,GNQ,2016,96.9
Equatorial Guinea,GNQ,2017,90.25
Equatorial Guinea,GNQ,2018,90.91
Equatorial Guinea,GNQ,2019,87.88
Eritrea,ERI,2000,197.74
Eritrea,ERI,2001,191.96
Eritrea,ERI,2002,188.11
Eritrea,ERI,2003,179.4
Eritrea,ERI,2004,178.57
Eritrea,ERI,2005,177.06
Eritrea,ERI,2006,178.47
Eritrea,ERI,2007,177.3
Eritrea,ERI,2008,179.41
Eritrea,ERI,2009,177.18
Eritrea,ERI,2010,175.12
Eritrea,ERI,2011,175.65
Eritrea,ERI,2012,176.05
Eritrea,ERI,2013,176.17
Eritrea,ERI,2014,175.9
Eritrea,ERI,2015,176.31
Eritrea,ERI,2016,176.96
Eritrea,ERI,2017,177.19
Eritrea,ERI,2018,177.73
Eritrea,ERI,2019,176.18
Estonia,EST,2000,757.78
Estonia,EST,2001,760.16
Estonia,EST,2002,772.98
Estonia,EST,2003,772.39
Estonia,EST,2004,725.13
Estonia,EST,2005,711.49
Estonia,EST,2006,719.78
Estonia,EST,2007,714.48
Estonia,EST,2008,697.62
Estonia,EST,2009,674.01
Estonia,EST,2010,667.12
Estonia,EST,2011,629.51
Estonia,EST,2012,643.26
Estonia,EST,2013,641.88
Estonia,EST,2014,638.98
Estonia,EST,2015,617.44
Estonia,EST,2016,627.31
Estonia,EST,2017,617.3
Estonia,EST,2018,608.52
Estonia,EST,2019,582.87
Eswatini,SWZ,2000,159.44
Eswatini,SWZ,2001,173.54
Eswatini,SWZ,2002,190.49
Eswatini,SWZ,2003,202.66
Eswatini,SWZ,2004,212.16
Eswatini,SWZ,2005,219.23
Eswatini,SWZ,2006,227.24
Eswatini,SWZ,2007,240.25
Eswatini,SWZ,2008,243.68
Eswatini,SWZ,2009,241.97
Eswatini,SWZ,2010,232.3
Eswatini,SWZ,2011,223.03
Eswatini,SWZ,2012,222.73
Eswatini,SWZ,2013,215.48
Eswatini,SWZ,2014,201.65
Eswatini,SWZ,2015,190.22
Eswatini,SWZ,2016,186.89
Eswatini,SWZ,2017,181.68
Eswatini,SWZ,2018,176.61
Eswatini,SWZ,2019,179.07
Ethiopia,ETH,2000,123.1
Ethiopia,ETH,2001,118.04
Ethiopia,ETH,2002,114.71
Ethiopia,ETH,2003,111.38
Ethiopia,ETH,2004,108.31
Ethiopia,ETH,2005,105.27
Ethiopia,ETH,2006,103.44
Ethiopia,ETH,2007,102.11
Ethiopia,ETH,2008,100.63
Ethiopia,ETH,2009,97.34
Ethiopia,ETH,2010,94.2
Ethiopia,ETH,2011,92.88
Ethiopia,ETH,2012,90.52
Ethiopia,ETH,2013,88.21
Ethiopia,ETH,2014,87.11
Ethiopia,ETH,2015,87.84
Ethiopia,ETH,2016,87.17
Ethiopia,ETH,2017,87.55
Ethiopia,ETH,2018,87.68
Ethiopia,ETH,2019,87.84
Europe,,2000,565.1333
Europe,,2001,568.24097
Europe,,2002,581.27216
Europe,,2003,592.2364
Europe,,2004,563.7283
Europe,,2005,561.7671
Europe,,2006,545.58295
Europe,,2007,538.83716
Europe,,2008,534.94855
Europe,,2009,522.6543
Europe,,2010,516.6228
Europe,,2011,498.10138
Europe,,2012,501.04138
Europe,,2013,492.9487
Europe,,2014,489.44107
Europe,,2015,488.78278
Europe,,2016,479.23392
Europe,,2017,478.01382
Europe,,2018,475.32996
Europe,,2019,456.213
Fiji,FJI,2000,237.07
Fiji,FJI,2001,236.26
Fiji,FJI,2002,235.87
Fiji,FJI,2003,239.03
Fiji,FJI,2004,232.43
Fiji,FJI,2005,239.9
Fiji,FJI,2006,247.68
Fiji,FJI,2007,254.49
Fiji,FJI,2008,259.74
Fiji,FJI,2009,257.46
Fiji,FJI,2010,259.02
Fiji,FJI,2011,261.41
Fiji,FJI,2012,263.59
Fiji,FJI,2013,264.64
Fiji,FJI,2014,264.25
Fiji,FJI,2015,261.19
Fiji,FJI,2016,267.19
Fiji,FJI,2017,272.29
Fiji,FJI,2018,275.68
Fiji,FJI,2019,278.58
Finland,FIN,2000,414.34
Finland,FIN,2001,405.95
Finland,FIN,2002,413.65
Finland,FIN,2003,405.69
Finland,FIN,2004,383.79
Finland,FIN,2005,378.82
Finland,FIN,2006,382.72
Finland,FIN,2007,388.9
Finland,FIN,2008,387.01
Finland,FIN,2009,385.12
Finland,FIN,2010,384.55
Finland,FIN,2011,378.12
Finland,FIN,2012,379.89
Finland,FIN,2013,367.02
Finland,FIN,2014,364.76
Finland,FIN,2015,357.69
Finland,FIN,2016,360.19
Finland,FIN,2017,350.58
Finland,FIN,2018,346.13
Finland,FIN,2019,341.65
France,FRA,2000,280.52
France,FRA,2001,280.36
France,FRA,2002,276.62
France,FRA,2003,278.46
France,FRA,2004,251.94
France,FRA,2005,250.95
France,FRA,2006,241.07
France,FRA,2007,239.78
France,FRA,2008,242.43
France,FRA,2009,239.38
France,FRA,2010,238.14
France,FRA,2011,230.33
France,FRA,2012,240.28
France,FRA,2013,234.6
France,FRA,2014,226.32
France,FRA,2015,235.52
France,FRA,2016,232.4
France,FRA,2017,231.96
France,FRA,2018,230.56
France,FRA,2019,228.3
Gabon,GAB,2000,219.46
Gabon,GAB,2001,213.79
Gabon,GAB,2002,201.1
Gabon,GAB,2003,196.92
Gabon,GAB,2004,182.57
Gabon,GAB,2005,179.26
Gabon,GAB,2006,181.47
Gabon,GAB,2007,173.87
Gabon,GAB,2008,176.26
Gabon,GAB,2009,163.5
Gabon,GAB,2010,156.36
Gabon,GAB,2011,154.13
Gabon,GAB,2012,137.33
Gabon,GAB,2013,131.06
Gabon,GAB,2014,140.5
Gabon,GAB,2015,136.35
Gabon,GAB,2016,133.37
Gabon,GAB,2017,128.98
Gabon,GAB,2018,126.71
Gabon,GAB,2019,121.22
Gambia,GMB,2000,99.11
Gambia,GMB,2001,100.77
Gambia,GMB,2002,102.26
Gambia,GMB,2003,102.46
Gambia,GMB,2004,102.63
Gambia,GMB,2005,101.16
Gambia,GMB,2006,102.19
Gambia,GMB,2007,102.15
Gambia,GMB,2008,102.65
Gambia,GMB,2009,101.22
Gambia,GMB,2010,99.5
Gambia,GMB,2011,102.62
Gambia,GMB,2012,102.66
Gambia,GMB,2013,101.73
Gambia,GMB,2014,100.22
Gambia,GMB,2015,98.36
Gambia,GMB,2016,96.07
Gambia,GMB,2017,94.99
Gambia,GMB,2018,93.79
Gambia,GMB,2019,92.98
Georgia,GEO,2000,874.8
Georgia,GEO,2001,822.87
Georgia,GEO,2002,943.56
Georgia,GEO,2003,927.98
Georgia,GEO,2004,959.5
Georgia,GEO,2005,780.79
Georgia,GEO,2006,802.26
Georgia,GEO,2007,767.15
Georgia,GEO,2008,774.98
Georgia,GEO,2009,837.9
Georgia,GEO,2010,862.81
Georgia,GEO,2011,892.29
Georgia,GEO,2012,860.58
Georgia,GEO,2013,839.92
Georgia,GEO,2014,852.16
Georgia,GEO,2015,852.05
Georgia,GEO,2016,898.2
Georgia,GEO,2017,857.02
Georgia,GEO,2018,843.39
Georgia,GEO,2019,856.64
Germany,DEU,2000,471.1
Germany,DEU,2001,468.2
Germany,DEU,2002,472.72
Germany,DEU,2003,478.1
Germany,DEU,2004,442.62
Germany,DEU,2005,430.94
Germany,DEU,2006,422.62
Germany,DEU,2007,423.78
Germany,DEU,2008,424.65
Germany,DEU,2009,424.73
Germany,DEU,2010,418.17
Germany,DEU,2011,406.43
Germany,DEU,2012,416.21
Germany,DEU,2013,438.08
Germany,DEU,2014,415.48
Germany,DEU,2015,432.95
Germany,DEU,2016,417.92
Germany,DEU,2017,428.29
Germany,DEU,2018,432.39
Germany,DEU,2019,341.24
Ghana,GHA,2000,104.21
Ghana,GHA,2001,108
Ghana,GHA,2002,110.84
Ghana,GHA,2003,111.77
Ghana,GHA,2004,112.54
Ghana,GHA,2005,113.73
Ghana,GHA,2006,116.73
Ghana,GHA,2007,119.68
Ghana,GHA,2008,121.95
Ghana,GHA,2009,122.64
Ghana,GHA,2010,122.79
Ghana,GHA,2011,122.6
Ghana,GHA,2012,123.23
Ghana,GHA,2013,122.76
Ghana,GHA,2014,120.54
Ghana,GHA,2015,119.1
Ghana,GHA,2016,118.27
Ghana,GHA,2017,117.24
Ghana,GHA,2018,115.44
Ghana,GHA,2019,115.36
Greece,GRC,2000,482.17
Greece,GRC,2001,471.4
Greece,GRC,2002,471.73
Greece,GRC,2003,483.46
Greece,GRC,2004,469.88
Greece,GRC,2005,457.07
Greece,GRC,2006,454.31
Greece,GRC,2007,459.34
Greece,GRC,2008,448.87
Greece,GRC,2009,446.29
Greece,GRC,2010,453.22
Greece,GRC,2011,467.4
Greece,GRC,2012,490
Greece,GRC,2013,456.27
Greece,GRC,2014,430.86
Greece,GRC,2015,443.31
Greece,GRC,2016,427.41
Greece,GRC,2017,456.06
Greece,GRC,2018,422.13
Greece,GRC,2019,402.59
Grenada,GRD,2000,257.3
Grenada,GRD,2001,266.18
Grenada,GRD,2002,270.07
Grenada,GRD,2003,275.17
Grenada,GRD,2004,286.14
Grenada,GRD,2005,294.06
Grenada,GRD,2006,296.98
Grenada,GRD,2007,309.73
Grenada,GRD,2008,307.27
Grenada,GRD,2009,334.47
Grenada,GRD,2010,337.6
Grenada,GRD,2011,333.84
Grenada,GRD,2012,299.98
Grenada,GRD,2013,309.78
Grenada,GRD,2014,302.92
Grenada,GRD,2015,295.05
Grenada,GRD,2016,300.49
Grenada,GRD,2017,307.51
Grenada,GRD,2018,294.36
Grenada,GRD,2019,295.43
Guatemala,GTM,2000,79.37
Guatemala,GTM,2001,78.89
Guatemala,GTM,2002,75.43
Guatemala,GTM,2003,75.91
Guatemala,GTM,2004,77.21
Guatemala,GTM,2005,80.59
Guatemala,GTM,2006,80.27
Guatemala,GTM,2007,77.62
Guatemala,GTM,2008,78.38
Guatemala,GTM,2009,83.22
Guatemala,GTM,2010,86.81
Guatemala,GTM,2011,88.71
Guatemala,GTM,2012,90.02
Guatemala,GTM,2013,91.68
Guatemala,GTM,2014,93.24
Guatemala,GTM,2015,94.81
Guatemala,GTM,2016,94.58
Guatemala,GTM,2017,94.03
Guatemala,GTM,2018,94.52
Guatemala,GTM,2019,93.55
Guinea,GIN,2000,107.5
Guinea,GIN,2001,107.51
Guinea,GIN,2002,110.19
Guinea,GIN,2003,109.69
Guinea,GIN,2004,109.66
Guinea,GIN,2005,107.17
Guinea,GIN,2006,112.95
Guinea,GIN,2007,116.63
Guinea,GIN,2008,117.05
Guinea,GIN,2009,117.47
Guinea,GIN,2010,118.54
Guinea,GIN,2011,120.98
Guinea,GIN,2012,121.17
Guinea,GIN,2013,122.34
Guinea,GIN,2014,120.02
Guinea,GIN,2015,120.19
Guinea,GIN,2016,119.36
Guinea,GIN,2017,116.62
Guinea,GIN,2018,114.84
Guinea,GIN,2019,112.47
Guinea-Bissau,GNB,2000,147.48
Guinea-Bissau,GNB,2001,146.09
Guinea-Bissau,GNB,2002,144.07
Guinea-Bissau,GNB,2003,139.27
Guinea-Bissau,GNB,2004,138.48
Guinea-Bissau,GNB,2005,133.89
Guinea-Bissau,GNB,2006,133.96
Guinea-Bissau,GNB,2007,133.93
Guinea-Bissau,GNB,2008,133.95
Guinea-Bissau,GNB,2009,133.99
Guinea-Bissau,GNB,2010,130.67
Guinea-Bissau,GNB,2011,129.25
Guinea-Bissau,GNB,2012,126.06
Guinea-Bissau,GNB,2013,126.75
Guinea-Bissau,GNB,2014,121.57
Guinea-Bissau,GNB,2015,113.85
Guinea-Bissau,GNB,2016,115.13
Guinea-Bissau,GNB,2017,115.13
Guinea-Bissau,GNB,2018,113.44
Guinea-Bissau,GNB,2019,110.08
Guyana,GUY,2000,247.43
Guyana,GUY,2001,233.08
Guyana,GUY,2002,249.36
Guyana,GUY,2003,266.13
Guyana,GUY,2004,273.28
Guyana,GUY,2005,273.73
Guyana,GUY,2006,273.88
Guyana,GUY,2007,277.37
Guyana,GUY,2008,290.07
Guyana,GUY,2009,290.8
Guyana,GUY,2010,290.87
Guyana,GUY,2011,296.06
Guyana,GUY,2012,301.14
Guyana,GUY,2013,306.27
Guyana,GUY,2014,303.26
Guyana,GUY,2015,315.88
Guyana,GUY,2016,327.14
Guyana,GUY,2017,342.99
Guyana,GUY,2018,361.02
Guyana,GUY,2019,377.78
Haiti,HTI,2000,250.79
Haiti,HTI,2001,249.75
Haiti,HTI,2002,248.44
Haiti,HTI,2003,248.54
Haiti,HTI,2004,246.46
Haiti,HTI,2005,248.24
Haiti,HTI,2006,251.32
Haiti,HTI,2007,255.69
Haiti,HTI,2008,256.96
Haiti,HTI,2009,258.82
Haiti,HTI,2010,251.08
Haiti,HTI,2011,262.89
Haiti,HTI,2012,262.93
Haiti,HTI,2013,264.73
Haiti,HTI,2014,267.64
Haiti,HTI,2015,268.01
Haiti,HTI,2016,270.06
Haiti,HTI,2017,270.11
Haiti,HTI,2018,274.49
Haiti,HTI,2019,274.93
Honduras,HND,2000,105.53
Honduras,HND,2001,106.29
Honduras,HND,2002,108.17
Honduras,HND,2003,109.38
Honduras,HND,2004,110.88
Honduras,HND,2005,112.44
Honduras,HND,2006,115.14
Honduras,HND,2007,116.72
Honduras,HND,2008,117.93
Honduras,HND,2009,120.02
Honduras,HND,2010,124.13
Honduras,HND,2011,132.78
Honduras,HND,2012,157.04
Honduras,HND,2013,160.52
Honduras,HND,2014,163.6
Honduras,HND,2015,168.17
Honduras,HND,2016,157.2
Honduras,HND,2017,161.55
Honduras,HND,2018,159.69
Honduras,HND,2019,161.7
Hungary,HUN,2000,701.1
Hungary,HUN,2001,657.24
Hungary,HUN,2002,662.84
Hungary,HUN,2003,681.8
Hungary,HUN,2004,657.88
Hungary,HUN,2005,683.87
Hungary,HUN,2006,645.39
Hungary,HUN,2007,651.9
Hungary,HUN,2008,632.11
Hungary,HUN,2009,627.79
Hungary,HUN,2010,624.79
Hungary,HUN,2011,615.53
Hungary,HUN,2012,629.24
Hungary,HUN,2013,617.3
Hungary,HUN,2014,611.53
Hungary,HUN,2015,631.84
Hungary,HUN,2016,617
Hungary,HUN,2017,653.94
Hungary,HUN,2018,650.43
Hungary,HUN,2019,641.17
Iceland,ISL,2000,256.96
Iceland,ISL,2001,256.16
Iceland,ISL,2002,251.86
Iceland,ISL,2003,250.99
Iceland,ISL,2004,238.58
Iceland,ISL,2005,237.08
Iceland,ISL,2006,226.3
Iceland,ISL,2007,229.07
Iceland,ISL,2008,224.98
Iceland,ISL,2009,221.15
Iceland,ISL,2010,218.14
Iceland,ISL,2011,213.58
Iceland,ISL,2012,209.6
Iceland,ISL,2013,205.68
Iceland,ISL,2014,210.29
Iceland,ISL,2015,208.46
Iceland,ISL,2016,207.36
Iceland,ISL,2017,203.69
Iceland,ISL,2018,203.27
Iceland,ISL,2019,206.2
India,IND,2000,159.5
India,IND,2001,161.71
India,IND,2002,163.5
India,IND,2003,158.88
India,IND,2004,149.59
India,IND,2005,151.98
India,IND,2006,158.64
India,IND,2007,165.11
India,IND,2008,169.32
India,IND,2009,165.14
India,IND,2010,165.7
India,IND,2011,169.64
India,IND,2012,172.89
India,IND,2013,176.99
India,IND,2014,175.81
India,IND,2015,177.56
India,IND,2016,180.34
India,IND,2017,181.28
India,IND,2018,186.19
India,IND,2019,187.34
Indonesia,IDN,2000,187.75
Indonesia,IDN,2001,193.73
Indonesia,IDN,2002,198.06
Indonesia,IDN,2003,201.19
Indonesia,IDN,2004,203.71
Indonesia,IDN,2005,204.39
Indonesia,IDN,2006,209.12
Indonesia,IDN,2007,214.04
Indonesia,IDN,2008,217.63
Indonesia,IDN,2009,218.56
Indonesia,IDN,2010,218.92
Indonesia,IDN,2011,223.23
Indonesia,IDN,2012,229.53
Indonesia,IDN,2013,232.57
Indonesia,IDN,2014,236.12
Indonesia,IDN,2015,239.68
Indonesia,IDN,2016,244.51
Indonesia,IDN,2017,249.42
Indonesia,IDN,2018,253.51
Indonesia,IDN,2019,257.04
Iran,IRN,2000,177.03
Iran,IRN,2001,178.63
Iran,IRN,2002,179.78
Iran,IRN,2003,178.76
Iran,IRN,2004,176.87
Iran,IRN,2005,173.82
Iran,IRN,2006,173.95
Iran,IRN,2007,175.01
Iran,IRN,2008,172.74
Iran,IRN,2009,172.03
Iran,IRN,2010,169.93
Iran,IRN,2011,171.62
Iran,IRN,2012,172.5
Iran,IRN,2013,174.79
Iran,IRN,2014,178.21
Iran,IRN,2015,182.52
Iran,IRN,2016,185.99
Iran,IRN,2017,188.9
Iran,IRN,2018,188.65
Iran,IRN,2019,189.41
Iraq,IRQ,2000,200.62
Iraq,IRQ,2001,196.33
Iraq,IRQ,2002,193.18
Iraq,IRQ,2003,192.74
Iraq,IRQ,2004,187.83
Iraq,IRQ,2005,183.02
Iraq,IRQ,2006,182.35
Iraq,IRQ,2007,183.24
Iraq,IRQ,2008,183.04
Iraq,IRQ,2009,179.81
Iraq,IRQ,2010,175.87
Iraq,IRQ,2011,173.5
Iraq,IRQ,2012,169.32
Iraq,IRQ,2013,164.69
Iraq,IRQ,2014,160.13
Iraq,IRQ,2015,157.6
Iraq,IRQ,2016,157.34
Iraq,IRQ,2017,156.21
Iraq,IRQ,2018,156.86
Iraq,IRQ,2019,160.08
Ireland,IRL,2000,320.37
Ireland,IRL,2001,298.56
Ireland,IRL,2002,289.49
Ireland,IRL,2003,269.09
Ireland,IRL,2004,251.98
Ireland,IRL,2005,230.23
Ireland,IRL,2006,226.16
Ireland,IRL,2007,224.96
Ireland,IRL,2008,219.95
Ireland,IRL,2009,209.58
Ireland,IRL,2010,198.62
Ireland,IRL,2011,193.59
Ireland,IRL,2012,196.5
Ireland,IRL,2013,194.6
Ireland,IRL,2014,188.11
Ireland,IRL,2015,185.75
Ireland,IRL,2016,180.06
Ireland,IRL,2017,177.84
Ireland,IRL,2018,174.33
Ireland,IRL,2019,169.61
Israel,ISR,2000,189.77
Israel,ISR,2001,183.15
Israel,ISR,2002,181.6
Israel,ISR,2003,176.26
Israel,ISR,2004,168.76
Israel,ISR,2005,168.11
Israel,ISR,2006,160.84
Israel,ISR,2007,168.81
Israel,ISR,2008,149.91
Israel,ISR,2009,138.79
Israel,ISR,2010,139.66
Israel,ISR,2011,141.07
Israel,ISR,2012,138.1
Israel,ISR,2013,134.62
Israel,ISR,2014,130.93
Israel,ISR,2015,132.3
Israel,ISR,2016,129.68
Israel,ISR,2017,125.93
Israel,ISR,2018,119.19
Israel,ISR,2019,120.05
Italy,ITA,2000,418.03
Italy,ITA,2001,404.11
Italy,ITA,2002,402.32
Italy,ITA,2003,414.65
Italy,ITA,2004,380.54
Italy,ITA,2005,391.35
Italy,ITA,2006,369.56
Italy,ITA,2007,375.54
Italy,ITA,2008,376.45
Italy,ITA,2009,372.26
Italy,ITA,2010,363.4
Italy,ITA,2011,374.04
Italy,ITA,2012,384.51
Italy,ITA,2013,367.77
Italy,ITA,2014,361.42
Italy,ITA,2015,391.58
Italy,ITA,2016,364.53
Italy,ITA,2017,387.01
Italy,ITA,2018,380.43
Italy,ITA,2019,375.17
Jamaica,JAM,2000,157.23
Jamaica,JAM,2001,158.18
Jamaica,JAM,2002,155.04
Jamaica,JAM,2003,151.76
Jamaica,JAM,2004,145.9
Jamaica,JAM,2005,132.61
Jamaica,JAM,2006,132.32
Jamaica,JAM,2007,146.3
Jamaica,JAM,2008,163.17
Jamaica,JAM,2009,177.65
Jamaica,JAM,2010,156.65
Jamaica,JAM,2011,172.09
Jamaica,JAM,2012,158.29
Jamaica,JAM,2013,160.77
Jamaica,JAM,2014,177.88
Jamaica,JAM,2015,178.51
Jamaica,JAM,2016,178.06
Jamaica,JAM,2017,177.41
Jamaica,JAM,2018,180.12
Jamaica,JAM,2019,181.65
Japan,JPN,2000,231.19
Japan,JPN,2001,232.89
Japan,JPN,2002,235.02
Japan,JPN,2003,242.02
Japan,JPN,2004,240.93
Japan,JPN,2005,255.32
Japan,JPN,2006,252.35
Japan,JPN,2007,255.74
Japan,JPN,2008,260.85
Japan,JPN,2009,257.52
Japan,JPN,2010,268.51
Japan,JPN,2011,277.57
Japan,JPN,2012,280.79
Japan,JPN,2013,279.1
Japan,JPN,2014,277.33
Japan,JPN,2015,277.23
Japan,JPN,2016,279.57
Japan,JPN,2017,290.91
Japan,JPN,2018,293.43
Japan,JPN,2019,286.42
Jordan,JOR,2000,122.99
Jordan,JOR,2001,123.68
Jordan,JOR,2002,121.72
Jordan,JOR,2003,115.26
Jordan,JOR,2004,114.05
Jordan,JOR,2005,113.61
Jordan,JOR,2006,111.73
Jordan,JOR,2007,101.29
Jordan,JOR,2008,93.14
Jordan,JOR,2009,89.32
Jordan,JOR,2010,87.63
Jordan,JOR,2011,85.89
Jordan,JOR,2012,85.18
Jordan,JOR,2013,83.3
Jordan,JOR,2014,83.52
Jordan,JOR,2015,83.96
Jordan,JOR,2016,86.64
Jordan,JOR,2017,90.2
Jordan,JOR,2018,93.94
Jordan,JOR,2019,96.43
Kazakhstan,KAZ,2000,539.27
Kazakhstan,KAZ,2001,551.56
Kazakhstan,KAZ,2002,553.9
Kazakhstan,KAZ,2003,570.97
Kazakhstan,KAZ,2004,529.82
Kazakhstan,KAZ,2005,523.87
Kazakhstan,KAZ,2006,509.69
Kazakhstan,KAZ,2007,506.18
Kazakhstan,KAZ,2008,472.91
Kazakhstan,KAZ,2009,430.41
Kazakhstan,KAZ,2010,431.99
Kazakhstan,KAZ,2011,422.67
Kazakhstan,KAZ,2012,408.74
Kazakhstan,KAZ,2013,386.23
Kazakhstan,KAZ,2014,365.72
Kazakhstan,KAZ,2015,348.3
Kazakhstan,KAZ,2016,342.68
Kazakhstan,KAZ,2017,323.81
Kazakhstan,KAZ,2018,328.13
Kazakhstan,KAZ,2019,324.15
Kenya,KEN,2000,70.37
Kenya,KEN,2001,67.82
Kenya,KEN,2002,65.9
Kenya,KEN,2003,62.92
Kenya,KEN,2004,60.58
Kenya,KEN,2005,62.86
Kenya,KEN,2006,63.45
Kenya,KEN,2007,65.35
Kenya,KEN,2008,65.29
Kenya,KEN,2009,62.96
Kenya,KEN,2010,61.2
Kenya,KEN,2011,61.68
Kenya,KEN,2012,62.38
Kenya,KEN,2013,63.11
Kenya,KEN,2014,62.09
Kenya,KEN,2015,60.84
Kenya,KEN,2016,61.39
Kenya,KEN,2017,63.67
Kenya,KEN,2018,67
Kenya,KEN,2019,68.43
Kiribati,KIR,2000,317.78
Kiribati,KIR,2001,317.09
Kiribati,KIR,2002,315.86
Kiribati,KIR,2003,311.38
Kiribati,KIR,2004,308.87
Kiribati,KIR,2005,307.47
Kiribati,KIR,2006,310.13
Kiribati,KIR,2007,315.45
Kiribati,KIR,2008,317.26
Kiribati,KIR,2009,316.04
Kiribati,KIR,2010,315.76
Kiribati,KIR,2011,316.17
Kiribati,KIR,2012,315.71
Kiribati,KIR,2013,318.82
Kiribati,KIR,2014,317.89
Kiribati,KIR,2015,316.42
Kiribati,KIR,2016,322.22
Kiribati,KIR,2017,327.1
Kiribati,KIR,2018,329.23
Kiribati,KIR,2019,335.44
Kuwait,KWT,2000,64.2
Kuwait,KWT,2001,56.9
Kuwait,KWT,2002,62.55
Kuwait,KWT,2003,60.93
Kuwait,KWT,2004,63.14
Kuwait,KWT,2005,62.53
Kuwait,KWT,2006,63.2
Kuwait,KWT,2007,59.67
Kuwait,KWT,2008,67.63
Kuwait,KWT,2009,61.44
Kuwait,KWT,2010,53.68
Kuwait,KWT,2011,49.16
Kuwait,KWT,2012,49.76
Kuwait,KWT,2013,52.18
Kuwait,KWT,2014,54.09
Kuwait,KWT,2015,58.35
Kuwait,KWT,2016,63.14
Kuwait,KWT,2017,68.46
Kuwait,KWT,2018,73.44
Kuwait,KWT,2019,78.79
Kyrgyzstan,KGZ,2000,315.6
Kyrgyzstan,KGZ,2001,299.25
Kyrgyzstan,KGZ,2002,330.97
Kyrgyzstan,KGZ,2003,334.14
Kyrgyzstan,KGZ,2004,315.07
Kyrgyzstan,KGZ,2005,332.23
Kyrgyzstan,KGZ,2006,342.75
Kyrgyzstan,KGZ,2007,333.96
Kyrgyzstan,KGZ,2008,327.52
Kyrgyzstan,KGZ,2009,318.89
Kyrgyzstan,KGZ,2010,306.11
Kyrgyzstan,KGZ,2011,307.22
Kyrgyzstan,KGZ,2012,306.96
Kyrgyzstan,KGZ,2013,283.9
Kyrgyzstan,KGZ,2014,284.43
Kyrgyzstan,KGZ,2015,272.7
Kyrgyzstan,KGZ,2016,250.84
Kyrgyzstan,KGZ,2017,244.53
Kyrgyzstan,KGZ,2018,232
Kyrgyzstan,KGZ,2019,217.81
Laos,LAO,2000,154.74
Laos,LAO,2001,160.74
Laos,LAO,2002,161.86
Laos,LAO,2003,162.66
Laos,LAO,2004,162.99
Laos,LAO,2005,163.77
Laos,LAO,2006,165.5
Laos,LAO,2007,164.76
Laos,LAO,2008,164.91
Laos,LAO,2009,162.57
Laos,LAO,2010,160.2
Laos,LAO,2011,160.73
Laos,LAO,2012,160.59
Laos,LAO,2013,161.3
Laos,LAO,2014,161.69
Laos,LAO,2015,162.37
Laos,LAO,2016,164.94
Laos,LAO,2017,168.31
Laos,LAO,2018,172.06
Laos,LAO,2019,174.73
Latvia,LVA,2000,801.07
Latvia,LVA,2001,848.21
Latvia,LVA,2002,854.14
Latvia,LVA,2003,861.89
Latvia,LVA,2004,864.44
Latvia,LVA,2005,876.71
Latvia,LVA,2006,889.67
Latvia,LVA,2007,906.45
Latvia,LVA,2008,854.78
Latvia,LVA,2009,825
Latvia,LVA,2010,829.53
Latvia,LVA,2011,804.95
Latvia,LVA,2012,845.5
Latvia,LVA,2013,838.83
Latvia,LVA,2014,837.82
Latvia,LVA,2015,847.47
Latvia,LVA,2016,854.45
Latvia,LVA,2017,866.83
Latvia,LVA,2018,869.61
Latvia,LVA,2019,887.73
Lebanon,LBN,2000,192.32
Lebanon,LBN,2001,191.14
Lebanon,LBN,2002,190.69
Lebanon,LBN,2003,191.57
Lebanon,LBN,2004,194.24
Lebanon,LBN,2005,198.44
Lebanon,LBN,2006,205.11
Lebanon,LBN,2007,216.54
Lebanon,LBN,2008,225.19
Lebanon,LBN,2009,232.36
Lebanon,LBN,2010,237.7
Lebanon,LBN,2011,240.02
Lebanon,LBN,2012,239.33
Lebanon,LBN,2013,238.23
Lebanon,LBN,2014,236.84
Lebanon,LBN,2015,237.13
Lebanon,LBN,2016,241.84
Lebanon,LBN,2017,248.54
Lebanon,LBN,2018,248.98
Lebanon,LBN,2019,255.9
Lesotho,LSO,2000,182.76
Lesotho,LSO,2001,184.35
Lesotho,LSO,2002,196.38
Lesotho,LSO,2003,211.72
Lesotho,LSO,2004,219.27
Lesotho,LSO,2005,223.25
Lesotho,LSO,2006,245.81
Lesotho,LSO,2007,258.35
Lesotho,LSO,2008,283.46
Lesotho,LSO,2009,290.8
Lesotho,LSO,2010,296.24
Lesotho,LSO,2011,306.39
Lesotho,LSO,2012,325.64
Lesotho,LSO,2013,342.49
Lesotho,LSO,2014,352.43
Lesotho,LSO,2015,350.75
Lesotho,LSO,2016,338.97
Lesotho,LSO,2017,321.71
Lesotho,LSO,2018,316.86
Lesotho,LSO,2019,311.05
Liberia,LBR,2000,102.11
Liberia,LBR,2001,98.09
Liberia,LBR,2002,99.35
Liberia,LBR,2003,95.34
Liberia,LBR,2004,97.7
Liberia,LBR,2005,92.26
Liberia,LBR,2006,94.57
Liberia,LBR,2007,97.55
Liberia,LBR,2008,97.33
Liberia,LBR,2009,96.22
Liberia,LBR,2010,95.35
Liberia,LBR,2011,98.29
Liberia,LBR,2012,96.64
Liberia,LBR,2013,92.71
Liberia,LBR,2014,92.59
Liberia,LBR,2015,83.39
Liberia,LBR,2016,84.29
Liberia,LBR,2017,85.07
Liberia,LBR,2018,85.17
Liberia,LBR,2019,86.02
Libya,LBY,2000,130.24
Libya,LBY,2001,132.71
Libya,LBY,2002,134.85
Libya,LBY,2003,131.83
Libya,LBY,2004,121.89
Libya,LBY,2005,120.65
Libya,LBY,2006,121.37
Libya,LBY,2007,133.58
Libya,LBY,2008,133.79
Libya,LBY,2009,137.8
Libya,LBY,2010,131.83
Libya,LBY,2011,131.37
Libya,LBY,2012,135.86
Libya,LBY,2013,134.99
Libya,LBY,2014,143.08
Libya,LBY,2015,144.56
Libya,LBY,2016,148.32
Libya,LBY,2017,157.13
Libya,LBY,2018,162.24
Libya,LBY,2019,158.13
Lithuania,LTU,2000,593.18
Lithuania,LTU,2001,637.51
Lithuania,LTU,2002,653.97
Lithuania,LTU,2003,656.58
Lithuania,LTU,2004,665.45
Lithuania,LTU,2005,708.63
Lithuania,LTU,2006,741.35
Lithuania,LTU,2007,752.83
Lithuania,LTU,2008,737.92
Lithuania,LTU,2009,729.15
Lithuania,LTU,2010,740.23
Lithuania,LTU,2011,741.86
Lithuania,LTU,2012,758.66
Lithuania,LTU,2013,777.6
Lithuania,LTU,2014,761.15
Lithuania,LTU,2015,807.51
Lithuania,LTU,2016,823.05
Lithuania,LTU,2017,831.71
Lithuania,LTU,2018,834.49
Lithuania,LTU,2019,868.4
Luxembourg,LUX,2000,326.57
Luxembourg,LUX,2001,331.22
Luxembourg,LUX,2002,335.22
Luxembourg,LUX,2003,331.44
Luxembourg,LUX,2004,326.15
Luxembourg,LUX,2005,319.29
Luxembourg,LUX,2006,309.25
Luxembourg,LUX,2007,298.52
Luxembourg,LUX,2008,283.6
Luxembourg,LUX,2009,263.94
Luxembourg,LUX,2010,250.54
Luxembourg,LUX,2011,238.25
Luxembourg,LUX,2012,233.83
Luxembourg,LUX,2013,220.33
Luxembourg,LUX,2014,209.94
Luxembourg,LUX,2015,204.43
Luxembourg,LUX,2016,204.92
Luxembourg,LUX,2017,210.75
Luxembourg,LUX,2018,208.37
Luxembourg,LUX,2019,208.87
Madagascar,MDG,2000,150.67
Madagascar,MDG,2001,148.92
Madagascar,MDG,2002,152.35
Madagascar,MDG,2003,155.43
Madagascar,MDG,2004,155.78
Madagascar,MDG,2005,152.65
Madagascar,MDG,2006,153
Madagascar,MDG,2007,152.01
Madagascar,MDG,2008,151.76
Madagascar,MDG,2009,150.76
Madagascar,MDG,2010,150.36
Madagascar,MDG,2011,152.33
Madagascar,MDG,2012,150.58
Madagascar,MDG,2013,150.18
Madagascar,MDG,2014,151.16
Madagascar,MDG,2015,148.62
Madagascar,MDG,2016,149.85
Madagascar,MDG,2017,149.43
Madagascar,MDG,2018,149.8
Madagascar,MDG,2019,149.87
Malawi,MWI,2000,141.74
Malawi,MWI,2001,134.09
Malawi,MWI,2002,125.86
Malawi,MWI,2003,119.64
Malawi,MWI,2004,114
Malawi,MWI,2005,107.06
Malawi,MWI,2006,108.55
Malawi,MWI,2007,110.11
Malawi,MWI,2008,107.65
Malawi,MWI,2009,107.05
Malawi,MWI,2010,104.03
Malawi,MWI,2011,97.01
Malawi,MWI,2012,92.47
Malawi,MWI,2013,88.31
Malawi,MWI,2014,85.6
Malawi,MWI,2015,83.83
Malawi,MWI,2016,82.62
Malawi,MWI,2017,79.26
Malawi,MWI,2018,76.78
Malawi,MWI,2019,75.09
Malaysia,MYS,2000,153.7
Malaysia,MYS,2001,153.17
Malaysia,MYS,2002,155.36
Malaysia,MYS,2003,158.27
Malaysia,MYS,2004,155.5
Malaysia,MYS,2005,153.86
Malaysia,MYS,2006,154.5
Malaysia,MYS,2007,154.95
Malaysia,MYS,2008,159.67
Malaysia,MYS,2009,162.36
Malaysia,MYS,2010,158.77
Malaysia,MYS,2011,159.34
Malaysia,MYS,2012,160.52
Malaysia,MYS,2013,155.86
Malaysia,MYS,2014,162.73
Malaysia,MYS,2015,167.55
Malaysia,MYS,2016,176
Malaysia,MYS,2017,183.3
Malaysia,MYS,2018,189.03
Malaysia,MYS,2019,199.33
Maldives,MDV,2000,135.64
Maldives,MDV,2001,133.31
Maldives,MDV,2002,130.51
Maldives,MDV,2003,132.95
Maldives,MDV,2004,129.97
Maldives,MDV,2005,125.56
Maldives,MDV,2006,124.26
Maldives,MDV,2007,121.65
Maldives,MDV,2008,118.62
Maldives,MDV,2009,115.83
Maldives,MDV,2010,113.39
Maldives,MDV,2011,106.23
Maldives,MDV,2012,103.83
Maldives,MDV,2013,101.37
Maldives,MDV,2014,100.66
Maldives,MDV,2015,99.93
Maldives,MDV,2016,99.66
Maldives,MDV,2017,98.06
Maldives,MDV,2018,93.29
Maldives,MDV,2019,89.63
Mali,MLI,2000,110.27
Mali,MLI,2001,107.04
Mali,MLI,2002,105.77
Mali,MLI,2003,102.05
Mali,MLI,2004,98.94
Mali,MLI,2005,96.45
Mali,MLI,2006,95.61
Mali,MLI,2007,95.14
Mali,MLI,2008,95.07
Mali,MLI,2009,93.13
Mali,MLI,2010,90.35
Mali,MLI,2011,89.99
Mali,MLI,2012,89.55
Mali,MLI,2013,88.87
Mali,MLI,2014,86.86
Mali,MLI,2015,84.51
Mali,MLI,2016,82.71
Mali,MLI,2017,80.55
Mali,MLI,2018,79.18
Mali,MLI,2019,77.45
Malta,MLT,2000,360.37
Malta,MLT,2001,351.18
Malta,MLT,2002,341.14
Malta,MLT,2003,335.43
Malta,MLT,2004,336.67
Malta,MLT,2005,333.4
Malta,MLT,2006,335.77
Malta,MLT,2007,324.1
Malta,MLT,2008,312.82
Malta,MLT,2009,303.19
Malta,MLT,2010,316.6
Malta,MLT,2011,337.99
Malta,MLT,2012,342.64
Malta,MLT,2013,322.09
Malta,MLT,2014,302.02
Malta,MLT,2015,292.47
Malta,MLT,2016,290.3
Malta,MLT,2017,290.15
Malta,MLT,2018,301.64
Malta,MLT,2019,307.2
Mauritania,MRT,2000,86.17
Mauritania,MRT,2001,84.27
Mauritania,MRT,2002,82.88
Mauritania,MRT,2003,81.64
Mauritania,MRT,2004,81.91
Mauritania,MRT,2005,77.77
Mauritania,MRT,2006,78.74
Mauritania,MRT,2007,79.74
Mauritania,MRT,2008,78.59
Mauritania,MRT,2009,78.05
Mauritania,MRT,2010,76.65
Mauritania,MRT,2011,75.52
Mauritania,MRT,2012,78.52
Mauritania,MRT,2013,76.65
Mauritania,MRT,2014,76.78
Mauritania,MRT,2015,76.06
Mauritania,MRT,2016,76.88
Mauritania,MRT,2017,77.19
Mauritania,MRT,2018,78.58
Mauritania,MRT,2019,79.6
Mauritius,MUS,2000,209
Mauritius,MUS,2001,205.6
Mauritius,MUS,2002,220.6
Mauritius,MUS,2003,222.66
Mauritius,MUS,2004,222.54
Mauritius,MUS,2005,254.07
Mauritius,MUS,2006,246.81
Mauritius,MUS,2007,260.16
Mauritius,MUS,2008,250.95
Mauritius,MUS,2009,244.02
Mauritius,MUS,2010,233.8
Mauritius,MUS,2011,230.3
Mauritius,MUS,2012,234.3
Mauritius,MUS,2013,236.69
Mauritius,MUS,2014,245.36
Mauritius,MUS,2015,261.89
Mauritius,MUS,2016,278.73
Mauritius,MUS,2017,267.7
Mauritius,MUS,2018,302.21
Mauritius,MUS,2019,282.03
Mexico,MEX,2000,98.2
Mexico,MEX,2001,98.86
Mexico,MEX,2002,101.59
Mexico,MEX,2003,104.27
Mexico,MEX,2004,102.06
Mexico,MEX,2005,105.13
Mexico,MEX,2006,103.41
Mexico,MEX,2007,106.89
Mexico,MEX,2008,112.91
Mexico,MEX,2009,114.99
Mexico,MEX,2010,121.18
Mexico,MEX,2011,118.47
Mexico,MEX,2012,120.65
Mexico,MEX,2013,121.97
Mexico,MEX,2014,129.16
Mexico,MEX,2015,134.08
Mexico,MEX,2016,139.82
Mexico,MEX,2017,141.87
Mexico,MEX,2018,144.45
Mexico,MEX,2019,146.84
Micronesia (country),FSM,2000,251.6
Micronesia (country),FSM,2001,255.94
Micronesia (country),FSM,2002,258.82
Micronesia (country),FSM,2003,263.89
Micronesia (country),FSM,2004,269.89
Micronesia (country),FSM,2005,274.42
Micronesia (country),FSM,2006,278.27
Micronesia (country),FSM,2007,281.84
Micronesia (country),FSM,2008,285.09
Micronesia (country),FSM,2009,286.6
Micronesia (country),FSM,2010,285.34
Micronesia (country),FSM,2011,289.65
Micronesia (country),FSM,2012,292.22
Micronesia (country),FSM,2013,293.63
Micronesia (country),FSM,2014,294.9
Micronesia (country),FSM,2015,299.59
Micronesia (country),FSM,2016,304.67
Micronesia (country),FSM,2017,312.72
Micronesia (country),FSM,2018,320.68
Micronesia (country),FSM,2019,326.62
Moldova,MDA,2000,675.71
Moldova,MDA,2001,650.69
Moldova,MDA,2002,683.34
Moldova,MDA,2003,698.58
Moldova,MDA,2004,663.02
Moldova,MDA,2005,704.84
Moldova,MDA,2006,672.6
Moldova,MDA,2007,664.46
Moldova,MDA,2008,651.18
Moldova,MDA,2009,660.74
Moldova,MDA,2010,687.06
Moldova,MDA,2011,639.21
Moldova,MDA,2012,648.6
Moldova,MDA,2013,625.43
Moldova,MDA,2014,642.6
Moldova,MDA,2015,639.03
Moldova,MDA,2016,608.5
Moldova,MDA,2017,593.95
Moldova,MDA,2018,593.68
Moldova,MDA,2019,577.43
Mongolia,MNG,2000,358.76
Mongolia,MNG,2001,368.98
Mongolia,MNG,2002,366.08
Mongolia,MNG,2003,362.99
Mongolia,MNG,2004,351.92
Mongolia,MNG,2005,343.33
Mongolia,MNG,2006,340.23
Mongolia,MNG,2007,330.14
Mongolia,MNG,2008,323.12
Mongolia,MNG,2009,324.42
Mongolia,MNG,2010,320.18
Mongolia,MNG,2011,319.16
Mongolia,MNG,2012,312.1
Mongolia,MNG,2013,304.2
Mongolia,MNG,2014,293.54
Mongolia,MNG,2015,292.07
Mongolia,MNG,2016,302.66
Mongolia,MNG,2017,307.38
Mongolia,MNG,2018,312.61
Mongolia,MNG,2019,321.5
Montenegro,MNE,2000,532.78
Montenegro,MNE,2001,546.86
Montenegro,MNE,2002,562.05
Montenegro,MNE,2003,580.03
Montenegro,MNE,2004,594.43
Montenegro,MNE,2005,608.12
Montenegro,MNE,2006,627.42
Montenegro,MNE,2007,642.14
Montenegro,MNE,2008,653
Montenegro,MNE,2009,660.49
Montenegro,MNE,2010,658.96
Montenegro,MNE,2011,679.82
Montenegro,MNE,2012,693.31
Montenegro,MNE,2013,707
Montenegro,MNE,2014,721.9
Montenegro,MNE,2015,732.44
Montenegro,MNE,2016,748
Montenegro,MNE,2017,761.15
Montenegro,MNE,2018,754.11
Montenegro,MNE,2019,737.46
Morocco,MAR,2000,246.68
Morocco,MAR,2001,248.78
Morocco,MAR,2002,249.31
Morocco,MAR,2003,257.87
Morocco,MAR,2004,263.18
Morocco,MAR,2005,268.19
Morocco,MAR,2006,275.96
Morocco,MAR,2007,283.22
Morocco,MAR,2008,287.94
Morocco,MAR,2009,291.01
Morocco,MAR,2010,293.02
Morocco,MAR,2011,297.43
Morocco,MAR,2012,302.59
Morocco,MAR,2013,320.15
Morocco,MAR,2014,321.36
Morocco,MAR,2015,322.25
Morocco,MAR,2016,329.16
Morocco,MAR,2017,335.77
Morocco,MAR,2018,342.85
Morocco,MAR,2019,346.75
Mozambique,MOZ,2000,161.2
Mozambique,MOZ,2001,159.39
Mozambique,MOZ,2002,158.11
Mozambique,MOZ,2003,157.57
Mozambique,MOZ,2004,157.45
Mozambique,MOZ,2005,157
Mozambique,MOZ,2006,158.29
Mozambique,MOZ,2007,158.16
Mozambique,MOZ,2008,161.7
Mozambique,MOZ,2009,166
Mozambique,MOZ,2010,167.21
Mozambique,MOZ,2011,169.27
Mozambique,MOZ,2012,171.38
Mozambique,MOZ,2013,168.2
Mozambique,MOZ,2014,160.94
Mozambique,MOZ,2015,155.97
Mozambique,MOZ,2016,153.36
Mozambique,MOZ,2017,151.7
Mozambique,MOZ,2018,150.87
Mozambique,MOZ,2019,149.46
Myanmar,MMR,2000,200.22
Myanmar,MMR,2001,203.39
Myanmar,MMR,2002,206.58
Myanmar,MMR,2003,210.12
Myanmar,MMR,2004,213.3
Myanmar,MMR,2005,210.92
Myanmar,MMR,2006,214.19
Myanmar,MMR,2007,211.95
Myanmar,MMR,2008,206.94
Myanmar,MMR,2009,205.1
Myanmar,MMR,2010,202.51
Myanmar,MMR,2011,205.47
Myanmar,MMR,2012,206.55
Myanmar,MMR,2013,206.06
Myanmar,MMR,2014,207.31
Myanmar,MMR,2015,207.19
Myanmar,MMR,2016,211.61
Myanmar,MMR,2017,213.35
Myanmar,MMR,2018,218.64
Myanmar,MMR,2019,220.73
Namibia,NAM,2000,156.15
Namibia,NAM,2001,157.87
Namibia,NAM,2002,161.94
Namibia,NAM,2003,163.08
Namibia,NAM,2004,160.88
Namibia,NAM,2005,169.5
Namibia,NAM,2006,172.81
Namibia,NAM,2007,171.75
Namibia,NAM,2008,162.58
Namibia,NAM,2009,161.81
Namibia,NAM,2010,162.4
Namibia,NAM,2011,155.03
Namibia,NAM,2012,148.84
Namibia,NAM,2013,146.64
Namibia,NAM,2014,148.38
Namibia,NAM,2015,149.26
Namibia,NAM,2016,144.49
Namibia,NAM,2017,143.7
Namibia,NAM,2018,136.07
Namibia,NAM,2019,133.75
Nepal,NPL,2000,73.56
Nepal,NPL,2001,74.02
Nepal,NPL,2002,74.81
Nepal,NPL,2003,77.65
Nepal,NPL,2004,79.66
Nepal,NPL,2005,83.92
Nepal,NPL,2006,88.43
Nepal,NPL,2007,92.83
Nepal,NPL,2008,97.74
Nepal,NPL,2009,103.54
Nepal,NPL,2010,107.4
Nepal,NPL,2011,114.24
Nepal,NPL,2012,118.93
Nepal,NPL,2013,122.91
Nepal,NPL,2014,125.98
Nepal,NPL,2015,127.52
Nepal,NPL,2016,128.48
Nepal,NPL,2017,131.63
Nepal,NPL,2018,134.45
Nepal,NPL,2019,136.2
Netherlands,NLD,2000,310.5
Netherlands,NLD,2001,303.28
Netherlands,NLD,2002,303.65
Netherlands,NLD,2003,293.64
Netherlands,NLD,2004,274.55
Netherlands,NLD,2005,260.26
Netherlands,NLD,2006,252.73
Netherlands,NLD,2007,245.9
Netherlands,NLD,2008,239.74
Netherlands,NLD,2009,231.04
Netherlands,NLD,2010,227.78
Netherlands,NLD,2011,223.75
Netherlands,NLD,2012,224.59
Netherlands,NLD,2013,225.75
Netherlands,NLD,2014,219.68
Netherlands,NLD,2015,226.15
Netherlands,NLD,2016,224.18
Netherlands,NLD,2017,221.88
Netherlands,NLD,2018,208.24
Netherlands,NLD,2019,213.11
New Zealand,NZL,2000,282.47
New Zealand,NZL,2001,293
New Zealand,NZL,2002,288.81
New Zealand,NZL,2003,276.97
New Zealand,NZL,2004,279.59
New Zealand,NZL,2005,254.06
New Zealand,NZL,2006,260.35
New Zealand,NZL,2007,249.17
New Zealand,NZL,2008,242.52
New Zealand,NZL,2009,239.49
New Zealand,NZL,2010,231.37
New Zealand,NZL,2011,237.64
New Zealand,NZL,2012,231.82
New Zealand,NZL,2013,223.07
New Zealand,NZL,2014,226.83
New Zealand,NZL,2015,225.34
New Zealand,NZL,2016,213.92
New Zealand,NZL,2017,218.87
New Zealand,NZL,2018,208.4
New Zealand,NZL,2019,203.69
Nicaragua,NIC,2000,104.4
Nicaragua,NIC,2001,108.35
Nicaragua,NIC,2002,115.13
Nicaragua,NIC,2003,118.36
Nicaragua,NIC,2004,119.49
Nicaragua,NIC,2005,123.36
Nicaragua,NIC,2006,115.57
Nicaragua,NIC,2007,125.53
Nicaragua,NIC,2008,125.66
Nicaragua,NIC,2009,128.6
Nicaragua,NIC,2010,123.74
Nicaragua,NIC,2011,131.82
Nicaragua,NIC,2012,135.96
Nicaragua,NIC,2013,139.76
Nicaragua,NIC,2014,144.86
Nicaragua,NIC,2015,141.72
Nicaragua,NIC,2016,148.69
Nicaragua,NIC,2017,143.57
Nicaragua,NIC,2018,151.23
Nicaragua,NIC,2019,149.09
Niger,NER,2000,94.45
Niger,NER,2001,94.68
Niger,NER,2002,94.37
Niger,NER,2003,96.09
Niger,NER,2004,93.21
Niger,NER,2005,94.62
Niger,NER,2006,94.03
Niger,NER,2007,94.1
Niger,NER,2008,92.31
Niger,NER,2009,92.62
Niger,NER,2010,91.92
Niger,NER,2011,93.27
Niger,NER,2012,93.45
Niger,NER,2013,92.78
Niger,NER,2014,92.26
Niger,NER,2015,92.65
Niger,NER,2016,92.18
Niger,NER,2017,91.78
Niger,NER,2018,91.07
Niger,NER,2019,89.84
Nigeria,NGA,2000,110.94
Nigeria,NGA,2001,110.56
Nigeria,NGA,2002,107.23
Nigeria,NGA,2003,103.58
Nigeria,NGA,2004,100.52
Nigeria,NGA,2005,95.05
Nigeria,NGA,2006,92.98
Nigeria,NGA,2007,91.49
Nigeria,NGA,2008,89.11
Nigeria,NGA,2009,85.82
Nigeria,NGA,2010,81.47
Nigeria,NGA,2011,81.26
Nigeria,NGA,2012,80.25
Nigeria,NGA,2013,78.6
Nigeria,NGA,2014,76.74
Nigeria,NGA,2015,75.84
Nigeria,NGA,2016,75.57
Nigeria,NGA,2017,74.9
Nigeria,NGA,2018,74.23
Nigeria,NGA,2019,72.95
North America,,2000,251.69937
North America,,2001,246.11426
North America,,2002,243.02031
North America,,2003,238.70512
North America,,2004,228.04257
North America,,2005,226.04102
North America,,2006,217.02094
North America,,2007,212.99007
North America,,2008,213.15405
North America,,2009,207.50253
North America,,2010,207.44423
North America,,2011,205.17795
North America,,2012,205.33572
North America,,2013,206.79787
North America,,2014,208.57048
North America,,2015,213.85939
North America,,2016,214.57106
North America,,2017,217.82213
North America,,2018,220.43393
North America,,2019,222.60779
North Korea,PRK,2000,216.65
North Korea,PRK,2001,223.86
North Korea,PRK,2002,238.65
North Korea,PRK,2003,240.61
North Korea,PRK,2004,243.63
North Korea,PRK,2005,247.11
North Korea,PRK,2006,256.11
North Korea,PRK,2007,274.25
North Korea,PRK,2008,293.69
North Korea,PRK,2009,301.16
North Korea,PRK,2010,310.38
North Korea,PRK,2011,322.73
North Korea,PRK,2012,328.81
North Korea,PRK,2013,338.01
North Korea,PRK,2014,343.79
North Korea,PRK,2015,353.9
North Korea,PRK,2016,358.33
North Korea,PRK,2017,353.77
North Korea,PRK,2018,347.91
North Korea,PRK,2019,353.63
North Macedonia,MKD,2000,618.04
North Macedonia,MKD,2001,606.66
North Macedonia,MKD,2002,670.88
North Macedonia,MKD,2003,664.44
North Macedonia,MKD,2004,655
North Macedonia,MKD,2005,676.05
North Macedonia,MKD,2006,683.96
North Macedonia,MKD,2007,722.06
North Macedonia,MKD,2008,686.55
North Macedonia,MKD,2009,689.43
North Macedonia,MKD,2010,678.13
North Macedonia,MKD,2011,712.94
North Macedonia,MKD,2012,731.25
North Macedonia,MKD,2013,685.89
North Macedonia,MKD,2014,718.36
North Macedonia,MKD,2015,710.64
North Macedonia,MKD,2016,727.76
North Macedonia,MKD,2017,738.62
North Macedonia,MKD,2018,744.12
North Macedonia,MKD,2019,742.6
Norway,NOR,2000,415.08
Norway,NOR,2001,409.61
Norway,NOR,2002,408.13
Norway,NOR,2003,382.16
Norway,NOR,2004,358.01
Norway,NOR,2005,322.23
Norway,NOR,2006,322.99
Norway,NOR,2007,320.89
Norway,NOR,2008,309.18
Norway,NOR,2009,290.25
Norway,NOR,2010,277.14
Norway,NOR,2011,271.13
Norway,NOR,2012,270.38
Norway,NOR,2013,253.87
Norway,NOR,2014,236.37
Norway,NOR,2015,228.52
Norway,NOR,2016,215.03
Norway,NOR,2017,212.21
Norway,NOR,2018,202.99
Norway,NOR,2019,192
Oceania,,2000,229.32175
Oceania,,2001,228.42151
Oceania,,2002,226.55641
Oceania,,2003,220.35022
Oceania,,2004,217.89143
Oceania,,2005,214.8621
Oceania,,2006,213.66844
Oceania,,2007,209.44188
Oceania,,2008,211.79434
Oceania,,2009,201.34845
Oceania,,2010,196.40865
Oceania,,2011,198.4285
Oceania,,2012,193.255
Oceania,,2013,189.1416
Oceania,,2014,191.79404
Oceania,,2015,190.17007
Oceania,,2016,184.27715
Oceania,,2017,181.7492
Oceania,,2018,174.76154
Oceania,,2019,173.2792
Oman,OMN,2000,208.02
Oman,OMN,2001,205.28
Oman,OMN,2002,204.57
Oman,OMN,2003,204.98
Oman,OMN,2004,199.29
Oman,OMN,2005,202.56
Oman,OMN,2006,209.58
Oman,OMN,2007,208.72
Oman,OMN,2008,204.99
Oman,OMN,2009,199.22
Oman,OMN,2010,200.73
Oman,OMN,2011,185.9
Oman,OMN,2012,170.95
Oman,OMN,2013,169.67
Oman,OMN,2014,168.1
Oman,OMN,2015,169.43
Oman,OMN,2016,170.46
Oman,OMN,2017,170.31
Oman,OMN,2018,159.97
Oman,OMN,2019,157.75
Pakistan,PAK,2000,210.62
Pakistan,PAK,2001,212.77
Pakistan,PAK,2002,213.9
Pakistan,PAK,2003,215.7
Pakistan,PAK,2004,214.75
Pakistan,PAK,2005,214.24
Pakistan,PAK,2006,214.9
Pakistan,PAK,2007,213.27
Pakistan,PAK,2008,212.24
Pakistan,PAK,2009,210.48
Pakistan,PAK,2010,210.23
Pakistan,PAK,2011,210.83
Pakistan,PAK,2012,211.35
Pakistan,PAK,2013,211.42
Pakistan,PAK,2014,210.8
Pakistan,PAK,2015,210.04
Pakistan,PAK,2016,209.78
Pakistan,PAK,2017,210.17
Pakistan,PAK,2018,209.16
Pakistan,PAK,2019,207.33
Panama,PAN,2000,107.02
Panama,PAN,2001,113.52
Panama,PAN,2002,109.85
Panama,PAN,2003,115.47
Panama,PAN,2004,116.63
Panama,PAN,2005,120.76
Panama,PAN,2006,116.76
Panama,PAN,2007,117.6
Panama,PAN,2008,113.54
Panama,PAN,2009,125.28
Panama,PAN,2010,123.96
Panama,PAN,2011,122.59
Panama,PAN,2012,118.55
Panama,PAN,2013,125.65
Panama,PAN,2014,125.93
Panama,PAN,2015,126.08
Panama,PAN,2016,130.77
Panama,PAN,2017,133.25
Panama,PAN,2018,134.95
Panama,PAN,2019,137.07
Papua New Guinea,PNG,2000,115.35
Papua New Guinea,PNG,2001,124.17
Papua New Guinea,PNG,2002,125.12
Papua New Guinea,PNG,2003,132.9
Papua New Guinea,PNG,2004,138.15
Papua New Guinea,PNG,2005,140.6
Papua New Guinea,PNG,2006,144.51
Papua New Guinea,PNG,2007,151
Papua New Guinea,PNG,2008,151.09
Papua New Guinea,PNG,2009,148.85
Papua New Guinea,PNG,2010,153.6
Papua New Guinea,PNG,2011,154.64
Papua New Guinea,PNG,2012,161.52
Papua New Guinea,PNG,2013,161.86
Papua New Guinea,PNG,2014,164.85
Papua New Guinea,PNG,2015,164.48
Papua New Guinea,PNG,2016,165.68
Papua New Guinea,PNG,2017,164.66
Papua New Guinea,PNG,2018,166.05
Papua New Guinea,PNG,2019,168.66
Paraguay,PRY,2000,101.82
Paraguay,PRY,2001,97.21
Paraguay,PRY,2002,96.09
Paraguay,PRY,2003,98.01
Paraguay,PRY,2004,110.99
Paraguay,PRY,2005,110.27
Paraguay,PRY,2006,120.5
Paraguay,PRY,2007,116.99
Paraguay,PRY,2008,118.13
Paraguay,PRY,2009,128.93
Paraguay,PRY,2010,128.5
Paraguay,PRY,2011,125.9
Paraguay,PRY,2012,123.76
Paraguay,PRY,2013,125.3
Paraguay,PRY,2014,119.06
Paraguay,PRY,2015,118.47
Paraguay,PRY,2016,127.87
Paraguay,PRY,2017,132.96
Paraguay,PRY,2018,129.3
Paraguay,PRY,2019,129.93
Peru,PER,2000,59.3
Peru,PER,2001,57.3
Peru,PER,2002,57.49
Peru,PER,2003,58.85
Peru,PER,2004,56.69
Peru,PER,2005,55.41
Peru,PER,2006,55.12
Peru,PER,2007,54.26
Peru,PER,2008,55.73
Peru,PER,2009,64.43
Peru,PER,2010,67.89
Peru,PER,2011,68.8
Peru,PER,2012,69.99
Peru,PER,2013,70.98
Peru,PER,2014,69.96
Peru,PER,2015,69.06
Peru,PER,2016,70.74
Peru,PER,2017,73.8
Peru,PER,2018,75.67
Peru,PER,2019,77.7
Philippines,PHL,2000,138.23
Philippines,PHL,2001,143.54
Philippines,PHL,2002,149.67
Philippines,PHL,2003,147.06
Philippines,PHL,2004,155.73
Philippines,PHL,2005,155.02
Philippines,PHL,2006,162.06
Philippines,PHL,2007,164.1
Philippines,PHL,2008,168.81
Philippines,PHL,2009,178.63
Philippines,PHL,2010,180.29
Philippines,PHL,2011,183.45
Philippines,PHL,2012,191.01
Philippines,PHL,2013,195.76
Philippines,PHL,2014,185.72
Philippines,PHL,2015,201.56
Philippines,PHL,2016,208.26
Philippines,PHL,2017,217.11
Philippines,PHL,2018,223.36
Philippines,PHL,2019,231.48
Poland,POL,2000,473.48
Poland,POL,2001,472.39
Poland,POL,2002,458.62
Poland,POL,2003,469.94
Poland,POL,2004,456.42
Poland,POL,2005,449.38
Poland,POL,2006,452.16
Poland,POL,2007,461.98
Poland,POL,2008,466.08
Poland,POL,2009,476.58
Poland,POL,2010,462.34
Poland,POL,2011,455.55
Poland,POL,2012,475.52
Poland,POL,2013,480.28
Poland,POL,2014,464.77
Poland,POL,2015,486.14
Poland,POL,2016,462.81
Poland,POL,2017,477.21
Poland,POL,2018,470.1
Poland,POL,2019,456.03
Portugal,PRT,2000,448.06
Portugal,PRT,2001,440.7
Portugal,PRT,2002,432.79
Portugal,PRT,2003,437.06
Portugal,PRT,2004,385.83
Portugal,PRT,2005,396.07
Portugal,PRT,2006,369.14
Portugal,PRT,2007,360.44
Portugal,PRT,2008,354.18
Portugal,PRT,2009,344.25
Portugal,PRT,2010,341.18
Portugal,PRT,2011,318.65
Portugal,PRT,2012,333.9
Portugal,PRT,2013,318.89
Portugal,PRT,2014,320.87
Portugal,PRT,2015,321.63
Portugal,PRT,2016,330.49
Portugal,PRT,2017,327.27
Portugal,PRT,2018,328.94
Portugal,PRT,2019,319.9
Qatar,QAT,2000,123.4
Qatar,QAT,2001,113.61
Qatar,QAT,2002,108.65
Qatar,QAT,2003,99.11
Qatar,QAT,2004,90.33
Qatar,QAT,2005,85.52
Qatar,QAT,2006,76.25
Qatar,QAT,2007,70.11
Qatar,QAT,2008,62.14
Qatar,QAT,2009,57.39
Qatar,QAT,2010,52.7
Qatar,QAT,2011,49.26
Qatar,QAT,2012,47.22
Qatar,QAT,2013,45.71
Qatar,QAT,2014,45.28
Qatar,QAT,2015,46.16
Qatar,QAT,2016,47.36
Qatar,QAT,2017,48.49
Qatar,QAT,2018,50.37
Qatar,QAT,2019,52.51
Romania,ROU,2000,704.83
Romania,ROU,2001,718.99
Romania,ROU,2002,776.44
Romania,ROU,2003,785.09
Romania,ROU,2004,757.59
Romania,ROU,2005,771.33
Romania,ROU,2006,777.65
Romania,ROU,2007,757.78
Romania,ROU,2008,755.94
Romania,ROU,2009,764.84
Romania,ROU,2010,768.12
Romania,ROU,2011,761.04
Romania,ROU,2012,767.4
Romania,ROU,2013,737.39
Romania,ROU,2014,750.64
Romania,ROU,2015,766.47
Romania,ROU,2016,750.52
Romania,ROU,2017,764.77
Romania,ROU,2018,766.42
Romania,ROU,2019,744.78
Russia,RUS,2000,866.45
Russia,RUS,2001,886.37
Russia,RUS,2002,929.25
Russia,RUS,2003,963.63
Russia,RUS,2004,929.83
Russia,RUS,2005,924.13
Russia,RUS,2006,890.79
Russia,RUS,2007,859.24
Russia,RUS,2008,858.32
Russia,RUS,2009,829.17
Russia,RUS,2010,820.52
Russia,RUS,2011,769.32
Russia,RUS,2012,759.11
Russia,RUS,2013,739.99
Russia,RUS,2014,751.81
Russia,RUS,2015,721.77
Russia,RUS,2016,725.49
Russia,RUS,2017,697.64
Russia,RUS,2018,701.33
Russia,RUS,2019,687.46
Rwanda,RWA,2000,185.48
Rwanda,RWA,2001,169.79
Rwanda,RWA,2002,156.71
Rwanda,RWA,2003,142.72
Rwanda,RWA,2004,128.93
Rwanda,RWA,2005,117.7
Rwanda,RWA,2006,112.99
Rwanda,RWA,2007,108.44
Rwanda,RWA,2008,103.71
Rwanda,RWA,2009,97.32
Rwanda,RWA,2010,92.61
Rwanda,RWA,2011,90.09
Rwanda,RWA,2012,89.24
Rwanda,RWA,2013,86.84
Rwanda,RWA,2014,86.37
Rwanda,RWA,2015,85.4
Rwanda,RWA,2016,86.07
Rwanda,RWA,2017,86.73
Rwanda,RWA,2018,87.82
Rwanda,RWA,2019,88.91
Saint Lucia,LCA,2000,227.05
Saint Lucia,LCA,2001,232.07
Saint Lucia,LCA,2002,231.96
Saint Lucia,LCA,2003,231.94
Saint Lucia,LCA,2004,223.25
Saint Lucia,LCA,2005,217.28
Saint Lucia,LCA,2006,219.32
Saint Lucia,LCA,2007,213.18
Saint Lucia,LCA,2008,215.6
Saint Lucia,LCA,2009,211.1
Saint Lucia,LCA,2010,208.86
Saint Lucia,LCA,2011,204.88
Saint Lucia,LCA,2012,213.43
Saint Lucia,LCA,2013,222.42
Saint Lucia,LCA,2014,228.75
Saint Lucia,LCA,2015,231.82
Saint Lucia,LCA,2016,250.16
Saint Lucia,LCA,2017,259.92
Saint Lucia,LCA,2018,265.87
Saint Lucia,LCA,2019,268.73
Saint Vincent and the Grenadines,VCT,2000,237.09
Saint Vincent and the Grenadines,VCT,2001,233.35
Saint Vincent and the Grenadines,VCT,2002,235.27
Saint Vincent and the Grenadines,VCT,2003,227.65
Saint Vincent and the Grenadines,VCT,2004,228.7
Saint Vincent and the Grenadines,VCT,2005,224.14
Saint Vincent and the Grenadines,VCT,2006,245.52
Saint Vincent and the Grenadines,VCT,2007,272.07
Saint Vincent and the Grenadines,VCT,2008,289.72
Saint Vincent and the Grenadines,VCT,2009,283.54
Saint Vincent and the Grenadines,VCT,2010,286.38
Saint Vincent and the Grenadines,VCT,2011,288.21
Saint Vincent and the Grenadines,VCT,2012,295.14
Saint Vincent and the Grenadines,VCT,2013,305.39
Saint Vincent and the Grenadines,VCT,2014,299.77
Saint Vincent and the Grenadines,VCT,2015,300.87
Saint Vincent and the Grenadines,VCT,2016,288.19
Saint Vincent and the Grenadines,VCT,2017,298.04
Saint Vincent and the Grenadines,VCT,2018,294.84
Saint Vincent and the Grenadines,VCT,2019,295.37
Samoa,WSM,2000,201.08
Samoa,WSM,2001,205.75
Samoa,WSM,2002,208.36
Samoa,WSM,2003,211.62
Samoa,WSM,2004,213.29
Samoa,WSM,2005,215.59
Samoa,WSM,2006,220.36
Samoa,WSM,2007,223.95
Samoa,WSM,2008,226.65
Samoa,WSM,2009,224.05
Samoa,WSM,2010,230.81
Samoa,WSM,2011,233.12
Samoa,WSM,2012,233.67
Samoa,WSM,2013,231.28
Samoa,WSM,2014,230.54
Samoa,WSM,2015,225.41
Samoa,WSM,2016,227.99
Samoa,WSM,2017,228.21
Samoa,WSM,2018,229.42
Samoa,WSM,2019,229.66
Sao Tome and Principe,STP,2000,109.99
Sao Tome and Principe,STP,2001,113.35
Sao Tome and Principe,STP,2002,112.45
Sao Tome and Principe,STP,2003,98.67
Sao Tome and Principe,STP,2004,100.48
Sao Tome and Principe,STP,2005,105.29
Sao Tome and Principe,STP,2006,106.74
Sao Tome and Principe,STP,2007,112.94
Sao Tome and Principe,STP,2008,113.06
Sao Tome and Principe,STP,2009,112.2
Sao Tome and Principe,STP,2010,109.6
Sao Tome and Principe,STP,2011,109.77
Sao Tome and Principe,STP,2012,114.24
Sao Tome and Principe,STP,2013,112.55
Sao Tome and Principe,STP,2014,112.43
Sao Tome and Principe,STP,2015,109.45
Sao Tome and Principe,STP,2016,110.1
Sao Tome and Principe,STP,2017,112.83
Sao Tome and Principe,STP,2018,111.86
Sao Tome and Principe,STP,2019,111.36
Saudi Arabia,SAU,2000,156.97
Saudi Arabia,SAU,2001,159.67
Saudi Arabia,SAU,2002,161.63
Saudi Arabia,SAU,2003,163.36
Saudi Arabia,SAU,2004,163.9
Saudi Arabia,SAU,2005,166.91
Saudi Arabia,SAU,2006,171.78
Saudi Arabia,SAU,2007,175.11
Saudi Arabia,SAU,2008,178.18
Saudi Arabia,SAU,2009,179.5
Saudi Arabia,SAU,2010,178.9
Saudi Arabia,SAU,2011,176.85
Saudi Arabia,SAU,2012,175.58
Saudi Arabia,SAU,2013,175.9
Saudi Arabia,SAU,2014,176.45
Saudi Arabia,SAU,2015,177.46
Saudi Arabia,SAU,2016,177.24
Saudi Arabia,SAU,2017,176.92
Saudi Arabia,SAU,2018,176.43
Saudi Arabia,SAU,2019,175.77
Senegal,SEN,2000,108.94
Senegal,SEN,2001,105.74
Senegal,SEN,2002,103.67
Senegal,SEN,2003,104.55
Senegal,SEN,2004,102.42
Senegal,SEN,2005,100.21
Senegal,SEN,2006,99.73
Senegal,SEN,2007,97.58
Senegal,SEN,2008,97.55
Senegal,SEN,2009,95.33
Senegal,SEN,2010,94.41
Senegal,SEN,2011,94.25
Senegal,SEN,2012,94.65
Senegal,SEN,2013,93.56
Senegal,SEN,2014,91.72
Senegal,SEN,2015,90.4
Senegal,SEN,2016,88.91
Senegal,SEN,2017,88.65
Senegal,SEN,2018,87.44
Senegal,SEN,2019,86.55
Serbia,SRB,2000,728.51
Serbia,SRB,2001,699.02
Serbia,SRB,2002,731.66
Serbia,SRB,2003,735.39
Serbia,SRB,2004,722.53
Serbia,SRB,2005,734.11
Serbia,SRB,2006,710.56
Serbia,SRB,2007,703.39
Serbia,SRB,2008,700.36
Serbia,SRB,2009,700.05
Serbia,SRB,2010,687.23
Serbia,SRB,2011,703.86
Serbia,SRB,2012,706.64
Serbia,SRB,2013,687.21
Serbia,SRB,2014,695.51
Serbia,SRB,2015,696.53
Serbia,SRB,2016,678.77
Serbia,SRB,2017,721.81
Serbia,SRB,2018,690.07
Serbia,SRB,2019,676.07
Seychelles,SYC,2000,241.04
Seychelles,SYC,2001,239.5
Seychelles,SYC,2002,240.22
Seychelles,SYC,2003,243
Seychelles,SYC,2004,236.68
Seychelles,SYC,2005,233.82
Seychelles,SYC,2006,234.08
Seychelles,SYC,2007,232.39
Seychelles,SYC,2008,238.79
Seychelles,SYC,2009,238.06
Seychelles,SYC,2010,230.88
Seychelles,SYC,2011,226.78
Seychelles,SYC,2012,232.2
Seychelles,SYC,2013,229.8
Seychelles,SYC,2014,227.38
Seychelles,SYC,2015,227.25
Seychelles,SYC,2016,232.38
Seychelles,SYC,2017,237.19
Seychelles,SYC,2018,238.59
Seychelles,SYC,2019,239.88
Sierra Leone,SLE,2000,127.69
Sierra Leone,SLE,2001,130.22
Sierra Leone,SLE,2002,131.92
Sierra Leone,SLE,2003,132.51
Sierra Leone,SLE,2004,130.45
Sierra Leone,SLE,2005,128.11
Sierra Leone,SLE,2006,133.66
Sierra Leone,SLE,2007,133.66
Sierra Leone,SLE,2008,134.66
Sierra Leone,SLE,2009,133.99
Sierra Leone,SLE,2010,133.03
Sierra Leone,SLE,2011,130.75
Sierra Leone,SLE,2012,130.3
Sierra Leone,SLE,2013,125.82
Sierra Leone,SLE,2014,119.9
Sierra Leone,SLE,2015,117.06
Sierra Leone,SLE,2016,120.12
Sierra Leone,SLE,2017,120.39
Sierra Leone,SLE,2018,121.05
Sierra Leone,SLE,2019,119.96
Singapore,SGP,2000,156.5
Singapore,SGP,2001,150.9
Singapore,SGP,2002,142.28
Singapore,SGP,2003,147.13
Singapore,SGP,2004,134.74
Singapore,SGP,2005,131.68
Singapore,SGP,2006,128.83
Singapore,SGP,2007,139.22
Singapore,SGP,2008,135.81
Singapore,SGP,2009,126.5
Singapore,SGP,2010,127.05
Singapore,SGP,2011,124.53
Singapore,SGP,2012,122.85
Singapore,SGP,2013,121.82
Singapore,SGP,2014,124.13
Singapore,SGP,2015,124.28
Singapore,SGP,2016,126.25
Singapore,SGP,2017,134.96
Singapore,SGP,2018,136.58
Singapore,SGP,2019,143.96
Slovakia,SVK,2000,521.57
Slovakia,SVK,2001,536.43
Slovakia,SVK,2002,526.99
Slovakia,SVK,2003,531.87
Slovakia,SVK,2004,523.21
Slovakia,SVK,2005,534.02
Slovakia,SVK,2006,544.02
Slovakia,SVK,2007,546.19
Slovakia,SVK,2008,531.23
Slovakia,SVK,2009,525.31
Slovakia,SVK,2010,523.22
Slovakia,SVK,2011,481.05
Slovakia,SVK,2012,449.68
Slovakia,SVK,2013,455.75
Slovakia,SVK,2014,427.88
Slovakia,SVK,2015,403.2
Slovakia,SVK,2016,384.87
Slovakia,SVK,2017,361.75
Slovakia,SVK,2018,335.69
Slovakia,SVK,2019,308.29
Slovenia,SVN,2000,389.84
Slovenia,SVN,2001,380.65
Slovenia,SVN,2002,377.4
Slovenia,SVN,2003,386.64
Slovenia,SVN,2004,366.28
Slovenia,SVN,2005,384.91
Slovenia,SVN,2006,361.5
Slovenia,SVN,2007,375.83
Slovenia,SVN,2008,356.52
Slovenia,SVN,2009,365.47
Slovenia,SVN,2010,357.1
Slovenia,SVN,2011,352.12
Slovenia,SVN,2012,365.5
Slovenia,SVN,2013,364.62
Slovenia,SVN,2014,376.13
Slovenia,SVN,2015,386.2
Slovenia,SVN,2016,380.67
Slovenia,SVN,2017,393.43
Slovenia,SVN,2018,393.73
Slovenia,SVN,2019,383.49
Solomon Islands,SLB,2000,191.16
Solomon Islands,SLB,2001,194.04
Solomon Islands,SLB,2002,200.24
Solomon Islands,SLB,2003,209.76
Solomon Islands,SLB,2004,192.97
Solomon Islands,SLB,2005,206.63
Solomon Islands,SLB,2006,210.15
Solomon Islands,SLB,2007,237.13
Solomon Islands,SLB,2008,253.79
Solomon Islands,SLB,2009,256.31
Solomon Islands,SLB,2010,257.08
Solomon Islands,SLB,2011,260.56
Solomon Islands,SLB,2012,261.94
Solomon Islands,SLB,2013,262.14
Solomon Islands,SLB,2014,263.35
Solomon Islands,SLB,2015,262.92
Solomon Islands,SLB,2016,261.96
Solomon Islands,SLB,2017,266.9
Solomon Islands,SLB,2018,274.5
Solomon Islands,SLB,2019,273.99
Somalia,SOM,2000,139.7
Somalia,SOM,2001,137.44
Somalia,SOM,2002,136.64
Somalia,SOM,2003,137.93
Somalia,SOM,2004,139.06
Somalia,SOM,2005,139.61
Somalia,SOM,2006,137.42
Somalia,SOM,2007,137.37
Somalia,SOM,2008,139.26
Somalia,SOM,2009,138.74
Somalia,SOM,2010,135.1
Somalia,SOM,2011,134.07
Somalia,SOM,2012,135.44
Somalia,SOM,2013,134.85
Somalia,SOM,2014,134.05
Somalia,SOM,2015,132.7
Somalia,SOM,2016,132.42
Somalia,SOM,2017,132.33
Somalia,SOM,2018,132.29
Somalia,SOM,2019,131.82
South Africa,ZAF,2000,171.87
South Africa,ZAF,2001,174.38
South Africa,ZAF,2002,179.22
South Africa,ZAF,2003,182.36
South Africa,ZAF,2004,178.35
South Africa,ZAF,2005,176.1
South Africa,ZAF,2006,178.94
South Africa,ZAF,2007,181.46
South Africa,ZAF,2008,184.77
South Africa,ZAF,2009,183.73
South Africa,ZAF,2010,178.01
South Africa,ZAF,2011,172.55
South Africa,ZAF,2012,168.83
South Africa,ZAF,2013,166.52
South Africa,ZAF,2014,168.12
South Africa,ZAF,2015,169.88
South Africa,ZAF,2016,171.69
South Africa,ZAF,2017,171.11
South Africa,ZAF,2018,157.31
South Africa,ZAF,2019,149.82
South America,,2000,157.62817
South America,,2001,157.4538
South America,,2002,156.68257
South America,,2003,158.86151
South America,,2004,158.7275
South America,,2005,154.58096
South America,,2006,156.61476
South America,,2007,158.12227
South America,,2008,158.14282
South America,,2009,157.7843
South America,,2010,161.89685
South America,,2011,162.6468
South America,,2012,161.25421
South America,,2013,161.19597
South America,,2014,161.36401
South America,,2015,163.72787
South America,,2016,168.14012
South America,,2017,165.8629
South America,,2018,166.7267
South America,,2019,168.13472
South Korea,KOR,2000,145.5
South Korea,KOR,2001,141.03
South Korea,KOR,2002,144.74
South Korea,KOR,2003,144.08
South Korea,KOR,2004,142.79
South Korea,KOR,2005,138.67
South Korea,KOR,2006,137.36
South Korea,KOR,2007,136.22
South Korea,KOR,2008,128.62
South Korea,KOR,2009,123.38
South Korea,KOR,2010,126.05
South Korea,KOR,2011,125.57
South Korea,KOR,2012,128.37
South Korea,KOR,2013,123.5
South Korea,KOR,2014,123.31
South Korea,KOR,2015,125.89
South Korea,KOR,2016,127.3
South Korea,KOR,2017,128.04
South Korea,KOR,2018,131.81
South Korea,KOR,2019,125.69
South Sudan,SSD,2000,77.68
South Sudan,SSD,2001,74.96
South Sudan,SSD,2002,73.39
South Sudan,SSD,2003,73.21
South Sudan,SSD,2004,73.08
South Sudan,SSD,2005,72.28
South Sudan,SSD,2006,72.65
South Sudan,SSD,2007,72.34
South Sudan,SSD,2008,71.61
South Sudan,SSD,2009,70.6
South Sudan,SSD,2010,70.32
South Sudan,SSD,2011,70.78
South Sudan,SSD,2012,73.3
South Sudan,SSD,2013,69.36
South Sudan,SSD,2014,68.03
South Sudan,SSD,2015,70.97
South Sudan,SSD,2016,73.68
South Sudan,SSD,2017,72.94
South Sudan,SSD,2018,76.02
South Sudan,SSD,2019,75.9
Spain,ESP,2000,306.89
Spain,ESP,2001,302.8
Spain,ESP,2002,301.8
Spain,ESP,2003,305.9
Spain,ESP,2004,285.68
Spain,ESP,2005,285.9
Spain,ESP,2006,270.03
Spain,ESP,2007,274.6
Spain,ESP,2008,268.08
Spain,ESP,2009,259.15
Spain,ESP,2010,254.8
Spain,ESP,2011,254.88
Spain,ESP,2012,259.06
Spain,ESP,2013,250.39
Spain,ESP,2014,250.02
Spain,ESP,2015,265.33
Spain,ESP,2016,253.67
Spain,ESP,2017,265.29
Spain,ESP,2018,255.59
Spain,ESP,2019,252.54
Sri Lanka,LKA,2000,193.04
Sri Lanka,LKA,2001,189.62
Sri Lanka,LKA,2002,194.84
Sri Lanka,LKA,2003,191.36
Sri Lanka,LKA,2004,167.49
Sri Lanka,LKA,2005,179.92
Sri Lanka,LKA,2006,162.27
Sri Lanka,LKA,2007,165.62
Sri Lanka,LKA,2008,173.97
Sri Lanka,LKA,2009,172.1
Sri Lanka,LKA,2010,178.75
Sri Lanka,LKA,2011,164.27
Sri Lanka,LKA,2012,160.96
Sri Lanka,LKA,2013,167.29
Sri Lanka,LKA,2014,167.09
Sri Lanka,LKA,2015,166.28
Sri Lanka,LKA,2016,167.46
Sri Lanka,LKA,2017,168.32
Sri Lanka,LKA,2018,168.75
Sri Lanka,LKA,2019,168.46
Sudan,SDN,2000,181.21
Sudan,SDN,2001,180.32
Sudan,SDN,2002,179.78
Sudan,SDN,2003,176.39
Sudan,SDN,2004,173.64
Sudan,SDN,2005,172.74
Sudan,SDN,2006,172.58
Sudan,SDN,2007,172.52
Sudan,SDN,2008,173.29
Sudan,SDN,2009,175.25
Sudan,SDN,2010,171.97
Sudan,SDN,2011,179.37
Sudan,SDN,2012,176.84
Sudan,SDN,2013,178.61
Sudan,SDN,2014,177.24
Sudan,SDN,2015,176.41
Sudan,SDN,2016,177.66
Sudan,SDN,2017,178.98
Sudan,SDN,2018,179.71
Sudan,SDN,2019,179.37
Suriname,SUR,2000,195.97
Suriname,SUR,2001,206.71
Suriname,SUR,2002,210.52
Suriname,SUR,2003,209.88
Suriname,SUR,2004,207.42
Suriname,SUR,2005,204.24
Suriname,SUR,2006,201.02
Suriname,SUR,2007,198.16
Suriname,SUR,2008,194.24
Suriname,SUR,2009,191.58
Suriname,SUR,2010,189.72
Suriname,SUR,2011,188.69
Suriname,SUR,2012,191.01
Suriname,SUR,2013,195.22
Suriname,SUR,2014,198.6
Suriname,SUR,2015,205.09
Suriname,SUR,2016,217.28
Suriname,SUR,2017,232.32
Suriname,SUR,2018,252.19
Suriname,SUR,2019,262.21
Sweden,SWE,2000,488.51
Sweden,SWE,2001,486.08
Sweden,SWE,2002,485.8
Sweden,SWE,2003,470.6
Sweden,SWE,2004,442.49
Sweden,SWE,2005,431.19
Sweden,SWE,2006,427.51
Sweden,SWE,2007,421.5
Sweden,SWE,2008,414.3
Sweden,SWE,2009,397
Sweden,SWE,2010,390.77
Sweden,SWE,2011,377.56
Sweden,SWE,2012,376.78
Sweden,SWE,2013,358.24
Sweden,SWE,2014,344.46
Sweden,SWE,2015,332.39
Sweden,SWE,2016,325
Sweden,SWE,2017,316.12
Sweden,SWE,2018,308.65
Sweden,SWE,2019,297.14
Switzerland,CHE,2000,341.73
Switzerland,CHE,2001,333
Switzerland,CHE,2002,322.53
Switzerland,CHE,2003,327.43
Switzerland,CHE,2004,303.97
Switzerland,CHE,2005,303.35
Switzerland,CHE,2006,295.94
Switzerland,CHE,2007,294.36
Switzerland,CHE,2008,288.92
Switzerland,CHE,2009,285.32
Switzerland,CHE,2010,278.06
Switzerland,CHE,2011,270.04
Switzerland,CHE,2012,277.95
Switzerland,CHE,2013,272.95
Switzerland,CHE,2014,258.57
Switzerland,CHE,2015,263.79
Switzerland,CHE,2016,251.09
Switzerland,CHE,2017,256.29
Switzerland,CHE,2018,253.47
Switzerland,CHE,2019,248.13
Syria,SYR,2000,188.82
Syria,SYR,2001,179.81
Syria,SYR,2002,179.18
Syria,SYR,2003,168.1
Syria,SYR,2004,165.52
Syria,SYR,2005,158.98
Syria,SYR,2006,157.75
Syria,SYR,2007,158.68
Syria,SYR,2008,160.52
Syria,SYR,2009,157.19
Syria,SYR,2010,157.97
Syria,SYR,2011,165.15
Syria,SYR,2012,175.49
Syria,SYR,2013,188.69
Syria,SYR,2014,185.86
Syria,SYR,2015,186.42
Syria,SYR,2016,199.24
Syria,SYR,2017,216.75
Syria,SYR,2018,223.44
Syria,SYR,2019,228.28
Tajikistan,TJK,2000,214.54
Tajikistan,TJK,2001,221.34
Tajikistan,TJK,2002,227.84
Tajikistan,TJK,2003,233.34
Tajikistan,TJK,2004,239.53
Tajikistan,TJK,2005,248.95
Tajikistan,TJK,2006,257.25
Tajikistan,TJK,2007,265.55
Tajikistan,TJK,2008,269.48
Tajikistan,TJK,2009,271.04
Tajikistan,TJK,2010,280.02
Tajikistan,TJK,2011,282.99
Tajikistan,TJK,2012,280.32
Tajikistan,TJK,2013,272.19
Tajikistan,TJK,2014,270.35
Tajikistan,TJK,2015,266.33
Tajikistan,TJK,2016,271.72
Tajikistan,TJK,2017,269.96
Tajikistan,TJK,2018,256.28
Tajikistan,TJK,2019,247.89
Tanzania,TZA,2000,99.32
Tanzania,TZA,2001,93.68
Tanzania,TZA,2002,87.88
Tanzania,TZA,2003,83.57
Tanzania,TZA,2004,77.95
Tanzania,TZA,2005,73.98
Tanzania,TZA,2006,75.64
Tanzania,TZA,2007,77.29
Tanzania,TZA,2008,80.41
Tanzania,TZA,2009,78.37
Tanzania,TZA,2010,73.89
Tanzania,TZA,2011,72.68
Tanzania,TZA,2012,68.88
Tanzania,TZA,2013,70.03
Tanzania,TZA,2014,67.33
Tanzania,TZA,2015,66.99
Tanzania,TZA,2016,68.91
Tanzania,TZA,2017,68.41
Tanzania,TZA,2018,67.5
Tanzania,TZA,2019,68.15
Thailand,THA,2000,130.51
Thailand,THA,2001,121.54
Thailand,THA,2002,122.52
Thailand,THA,2003,122.07
Thailand,THA,2004,128.08
Thailand,THA,2005,126.77
Thailand,THA,2006,126.95
Thailand,THA,2007,125.42
Thailand,THA,2008,125.13
Thailand,THA,2009,124.41
Thailand,THA,2010,127.15
Thailand,THA,2011,128.16
Thailand,THA,2012,129.2
Thailand,THA,2013,131.18
Thailand,THA,2014,135.93
Thailand,THA,2015,140.03
Thailand,THA,2016,147.98
Thailand,THA,2017,152.73
Thailand,THA,2018,159.49
Thailand,THA,2019,164.95
Togo,TGO,2000,128.76
Togo,TGO,2001,130.91
Togo,TGO,2002,132.4
Togo,TGO,2003,133.99
Togo,TGO,2004,133
Togo,TGO,2005,131.65
Togo,TGO,2006,134.15
Togo,TGO,2007,134.12
Togo,TGO,2008,133.43
Togo,TGO,2009,130.72
Togo,TGO,2010,127.69
Togo,TGO,2011,128.13
Togo,TGO,2012,127.74
Togo,TGO,2013,126.63
Togo,TGO,2014,124.43
Togo,TGO,2015,122.23
Togo,TGO,2016,119.63
Togo,TGO,2017,117.23
Togo,TGO,2018,115.53
Togo,TGO,2019,115.32
Tonga,TON,2000,145.47
Tonga,TON,2001,145.68
Tonga,TON,2002,147.13
Tonga,TON,2003,148.2
Tonga,TON,2004,143.88
Tonga,TON,2005,135.71
Tonga,TON,2006,137.74
Tonga,TON,2007,141.25
Tonga,TON,2008,143.34
Tonga,TON,2009,145.99
Tonga,TON,2010,148.22
Tonga,TON,2011,151.59
Tonga,TON,2012,155.26
Tonga,TON,2013,158.12
Tonga,TON,2014,160.4
Tonga,TON,2015,160.56
Tonga,TON,2016,158.1
Tonga,TON,2017,157.46
Tonga,TON,2018,153.87
Tonga,TON,2019,148.13
Trinidad and Tobago,TTO,2000,260.05
Trinidad and Tobago,TTO,2001,262.12
Trinidad and Tobago,TTO,2002,253.98
Trinidad and Tobago,TTO,2003,262.47
Trinidad and Tobago,TTO,2004,251.35
Trinidad and Tobago,TTO,2005,243.28
Trinidad and Tobago,TTO,2006,232.32
Trinidad and Tobago,TTO,2007,225.62
Trinidad and Tobago,TTO,2008,239.9
Trinidad and Tobago,TTO,2009,215.08
Trinidad and Tobago,TTO,2010,229.47
Trinidad and Tobago,TTO,2011,208.42
Trinidad and Tobago,TTO,2012,210.9
Trinidad and Tobago,TTO,2013,212.79
Trinidad and Tobago,TTO,2014,208.22
Trinidad and Tobago,TTO,2015,204.35
Trinidad and Tobago,TTO,2016,204.59
Trinidad and Tobago,TTO,2017,203.28
Trinidad and Tobago,TTO,2018,200.53
Trinidad and Tobago,TTO,2019,198.78
Tunisia,TUN,2000,239.07
Tunisia,TUN,2001,244.07
Tunisia,TUN,2002,248.64
Tunisia,TUN,2003,252.11
Tunisia,TUN,2004,255.83
Tunisia,TUN,2005,257.56
Tunisia,TUN,2006,262.47
Tunisia,TUN,2007,266.73
Tunisia,TUN,2008,270.34
Tunisia,TUN,2009,272.14
Tunisia,TUN,2010,272.79
Tunisia,TUN,2011,276.2
Tunisia,TUN,2012,278.84
Tunisia,TUN,2013,278.06
Tunisia,TUN,2014,278.21
Tunisia,TUN,2015,277.75
Tunisia,TUN,2016,283.03
Tunisia,TUN,2017,288.49
Tunisia,TUN,2018,289.19
Tunisia,TUN,2019,289.79
Turkey,TUR,2000,154.52
Turkey,TUR,2001,155.68
Turkey,TUR,2002,157.68
Turkey,TUR,2003,153.62
Turkey,TUR,2004,149.06
Turkey,TUR,2005,143.63
Turkey,TUR,2006,145.13
Turkey,TUR,2007,147.62
Turkey,TUR,2008,153.45
Turkey,TUR,2009,161.39
Turkey,TUR,2010,163.53
Turkey,TUR,2011,164.74
Turkey,TUR,2012,167.62
Turkey,TUR,2013,173.64
Turkey,TUR,2014,177.98
Turkey,TUR,2015,177.41
Turkey,TUR,2016,181.33
Turkey,TUR,2017,184.24
Turkey,TUR,2018,184.2
Turkey,TUR,2019,186.42
Turkmenistan,TKM,2000,344.8
Turkmenistan,TKM,2001,352.34
Turkmenistan,TKM,2002,389.37
Turkmenistan,TKM,2003,394.7
Turkmenistan,TKM,2004,391.25
Turkmenistan,TKM,2005,409.23
Turkmenistan,TKM,2006,391.36
Turkmenistan,TKM,2007,385.52
Turkmenistan,TKM,2008,372.19
Turkmenistan,TKM,2009,329.3
Turkmenistan,TKM,2010,313.9
Turkmenistan,TKM,2011,314.91
Turkmenistan,TKM,2012,302.76
Turkmenistan,TKM,2013,297.52
Turkmenistan,TKM,2014,291.08
Turkmenistan,TKM,2015,281.29
Turkmenistan,TKM,2016,278.76
Turkmenistan,TKM,2017,268.56
Turkmenistan,TKM,2018,269.07
Turkmenistan,TKM,2019,273.62
Uganda,UGA,2000,104.67
Uganda,UGA,2001,102.21
Uganda,UGA,2002,98.81
Uganda,UGA,2003,96.45
Uganda,UGA,2004,95.28
Uganda,UGA,2005,93.74
Uganda,UGA,2006,90.75
Uganda,UGA,2007,82.3
Uganda,UGA,2008,76.66
Uganda,UGA,2009,73.92
Uganda,UGA,2010,70.04
Uganda,UGA,2011,69.71
Uganda,UGA,2012,65.68
Uganda,UGA,2013,63.59
Uganda,UGA,2014,60.64
Uganda,UGA,2015,59.77
Uganda,UGA,2016,60.9
Uganda,UGA,2017,57.93
Uganda,UGA,2018,57.49
Uganda,UGA,2019,58.49
Ukraine,UKR,2000,903.39
Ukraine,UKR,2001,912.17
Ukraine,UKR,2002,956.41
Ukraine,UKR,2003,992.11
Ukraine,UKR,2004,987.97
Ukraine,UKR,2005,1018.14
Ukraine,UKR,2006,1015.08
Ukraine,UKR,2007,1026.12
Ukraine,UKR,2008,1027.8
Ukraine,UKR,2009,985.65
Ukraine,UKR,2010,984.62
Ukraine,UKR,2011,943.19
Ukraine,UKR,2012,941.32
Ukraine,UKR,2013,938.68
Ukraine,UKR,2014,953.54
Ukraine,UKR,2015,898.22
Ukraine,UKR,2016,897.85
Ukraine,UKR,2017,866.2
Ukraine,UKR,2018,883.37
Ukraine,UKR,2019,869.32
United Arab Emirates,ARE,2000,82.2
United Arab Emirates,ARE,2001,79.6
United Arab Emirates,ARE,2002,75.82
United Arab Emirates,ARE,2003,73.19
United Arab Emirates,ARE,2004,72.61
United Arab Emirates,ARE,2005,72.51
United Arab Emirates,ARE,2006,68.68
United Arab Emirates,ARE,2007,66.19
United Arab Emirates,ARE,2008,63.85
United Arab Emirates,ARE,2009,63.77
United Arab Emirates,ARE,2010,64.26
United Arab Emirates,ARE,2011,66.03
United Arab Emirates,ARE,2012,67.79
United Arab Emirates,ARE,2013,68.65
United Arab Emirates,ARE,2014,68.77
United Arab Emirates,ARE,2015,68.79
United Arab Emirates,ARE,2016,70.1
United Arab Emirates,ARE,2017,71.74
United Arab Emirates,ARE,2018,74.69
United Arab Emirates,ARE,2019,77.57
United Kingdom,GBR,2000,402.49
United Kingdom,GBR,2001,415.2
United Kingdom,GBR,2002,410.17
United Kingdom,GBR,2003,401.3
United Kingdom,GBR,2004,370.36
United Kingdom,GBR,2005,348.8
United Kingdom,GBR,2006,330.46
United Kingdom,GBR,2007,320.84
United Kingdom,GBR,2008,314.42
United Kingdom,GBR,2009,294.45
United Kingdom,GBR,2010,286.89
United Kingdom,GBR,2011,256.42
United Kingdom,GBR,2012,261.27
United Kingdom,GBR,2013,257.9
United Kingdom,GBR,2014,246.94
United Kingdom,GBR,2015,250.34
United Kingdom,GBR,2016,240.85
United Kingdom,GBR,2017,231.14
United Kingdom,GBR,2018,224.03
United Kingdom,GBR,2019,216.06
United States,USA,2000,330.1
United States,USA,2001,321.44
United States,USA,2002,317.88
United States,USA,2003,309.23
United States,USA,2004,293.03
United States,USA,2005,288.41
United States,USA,2006,274.7
United States,USA,2007,266.39
United States,USA,2008,264.26
United States,USA,2009,253.79
United States,USA,2010,250.84
United States,USA,2011,248.16
United States,USA,2012,247.49
United States,USA,2013,248.92
United States,USA,2014,247.47
United States,USA,2015,253.65
United States,USA,2016,254.19
United States,USA,2017,257.95
United States,USA,2018,262.66
United States,USA,2019,265.41
Uruguay,URY,2000,319.07
Uruguay,URY,2001,325.21
Uruguay,URY,2002,320.38
Uruguay,URY,2003,342.14
Uruguay,URY,2004,332.43
Uruguay,URY,2005,322.01
Uruguay,URY,2006,300.97
Uruguay,URY,2007,330.99
Uruguay,URY,2008,296.57
Uruguay,URY,2009,286.61
Uruguay,URY,2010,298.67
Uruguay,URY,2011,293.06
Uruguay,URY,2012,294.28
Uruguay,URY,2013,278.4
Uruguay,URY,2014,267.2
Uruguay,URY,2015,284.16
Uruguay,URY,2016,286.26
Uruguay,URY,2017,264.69
Uruguay,URY,2018,271.77
Uruguay,URY,2019,273.71
Uzbekistan,UZB,2000,352.48
Uzbekistan,UZB,2001,349.89
Uzbekistan,UZB,2002,372.22
Uzbekistan,UZB,2003,374.68
Uzbekistan,UZB,2004,356.3
Uzbekistan,UZB,2005,386.05
Uzbekistan,UZB,2006,362.12
Uzbekistan,UZB,2007,355.8
Uzbekistan,UZB,2008,348.17
Uzbekistan,UZB,2009,321.37
Uzbekistan,UZB,2010,334.12
Uzbekistan,UZB,2011,341.87
Uzbekistan,UZB,2012,342.89
Uzbekistan,UZB,2013,331.13
Uzbekistan,UZB,2014,329.84
Uzbekistan,UZB,2015,316.23
Uzbekistan,UZB,2016,311.99
Uzbekistan,UZB,2017,308.33
Uzbekistan,UZB,2018,302.44
Uzbekistan,UZB,2019,294.37
Vanuatu,VUT,2000,262.73
Vanuatu,VUT,2001,264.42
Vanuatu,VUT,2002,266.36
Vanuatu,VUT,2003,266.15
Vanuatu,VUT,2004,264.69
Vanuatu,VUT,2005,261.93
Vanuatu,VUT,2006,271.42
Vanuatu,VUT,2007,273.49
Vanuatu,VUT,2008,275.83
Vanuatu,VUT,2009,285.1
Vanuatu,VUT,2010,286.45
Vanuatu,VUT,2011,286.46
Vanuatu,VUT,2012,289.82
Vanuatu,VUT,2013,289.55
Vanuatu,VUT,2014,286.3
Vanuatu,VUT,2015,285.23
Vanuatu,VUT,2016,285.58
Vanuatu,VUT,2017,286.13
Vanuatu,VUT,2018,286.32
Vanuatu,VUT,2019,286.39
Venezuela,VEN,2000,127.52
Venezuela,VEN,2001,131.87
Venezuela,VEN,2002,125.01
Venezuela,VEN,2003,133.62
Venezuela,VEN,2004,129.92
Venezuela,VEN,2005,130
Venezuela,VEN,2006,132.15
Venezuela,VEN,2007,134.37
Venezuela,VEN,2008,139.9
Venezuela,VEN,2009,138.24
Venezuela,VEN,2010,145.02
Venezuela,VEN,2011,150.05
Venezuela,VEN,2012,148.56
Venezuela,VEN,2013,146.13
Venezuela,VEN,2014,160.07
Venezuela,VEN,2015,153.16
Venezuela,VEN,2016,159.27
Venezuela,VEN,2017,162.8
Venezuela,VEN,2018,163.93
Venezuela,VEN,2019,165.03
Vietnam,VNM,2000,223.43
Vietnam,VNM,2001,230.01
Vietnam,VNM,2002,236.27
Vietnam,VNM,2003,240.54
Vietnam,VNM,2004,245.96
Vietnam,VNM,2005,250.69
Vietnam,VNM,2006,257.87
Vietnam,VNM,2007,265.44
Vietnam,VNM,2008,272.3
Vietnam,VNM,2009,276.99
Vietnam,VNM,2010,279.64
Vietnam,VNM,2011,284.23
Vietnam,VNM,2012,287.98
Vietnam,VNM,2013,289.07
Vietnam,VNM,2014,291.04
Vietnam,VNM,2015,291.22
Vietnam,VNM,2016,293.97
Vietnam,VNM,2017,295.82
Vietnam,VNM,2018,297.36
Vietnam,VNM,2019,297.64
World,OWID_WRL,2000,233.87451
World,OWID_WRL,2001,235.30899
World,OWID_WRL,2002,238.35167
World,OWID_WRL,2003,239.57388
World,OWID_WRL,2004,234.14218
World,OWID_WRL,2005,232.96191
World,OWID_WRL,2006,230.94818
World,OWID_WRL,2007,230.57114
World,OWID_WRL,2008,231.51869
World,OWID_WRL,2009,229.1076
World,OWID_WRL,2010,228.91576
World,OWID_WRL,2011,228.64854
World,OWID_WRL,2012,229.60379
World,OWID_WRL,2013,229.23581
World,OWID_WRL,2014,228.33287
World,OWID_WRL,2015,228.43187
World,OWID_WRL,2016,229.74799
World,OWID_WRL,2017,231.0763
World,OWID_WRL,2018,232.20982
World,OWID_WRL,2019,231.46074
Yemen,YEM,2000,200.66
Yemen,YEM,2001,198.36
Yemen,YEM,2002,194.39
Yemen,YEM,2003,188.99
Yemen,YEM,2004,185.31
Yemen,YEM,2005,180.3
Yemen,YEM,2006,178.04
Yemen,YEM,2007,176.68
Yemen,YEM,2008,175.63
Yemen,YEM,2009,172.73
Yemen,YEM,2010,168.1
Yemen,YEM,2011,168.92
Yemen,YEM,2012,169.53
Yemen,YEM,2013,169.65
Yemen,YEM,2014,168.3
Yemen,YEM,2015,167.77
Yemen,YEM,2016,170.4
Yemen,YEM,2017,173.91
Yemen,YEM,2018,176.74
Yemen,YEM,2019,180.29
Zambia,ZMB,2000,134.86
Zambia,ZMB,2001,129
Zambia,ZMB,2002,125.21
Zambia,ZMB,2003,119.89
Zambia,ZMB,2004,120.56
Zambia,ZMB,2005,116.66
Zambia,ZMB,2006,115.67
Zambia,ZMB,2007,108.07
Zambia,ZMB,2008,104.09
Zambia,ZMB,2009,102.41
Zambia,ZMB,2010,103.42
Zambia,ZMB,2011,105.91
Zambia,ZMB,2012,102.72
Zambia,ZMB,2013,102.15
Zambia,ZMB,2014,101.2
Zambia,ZMB,2015,99.63
Zambia,ZMB,2016,100.44
Zambia,ZMB,2017,100.21
Zambia,ZMB,2018,97.89
Zambia,ZMB,2019,93.12
Zimbabwe,ZWE,2000,87.13
Zimbabwe,ZWE,2001,89.94
Zimbabwe,ZWE,2002,94.33
Zimbabwe,ZWE,2003,96.74
Zimbabwe,ZWE,2004,103.86
Zimbabwe,ZWE,2005,107.29
Zimbabwe,ZWE,2006,113.61
Zimbabwe,ZWE,2007,127.69
Zimbabwe,ZWE,2008,140.05
Zimbabwe,ZWE,2009,147.11
Zimbabwe,ZWE,2010,142.83
Zimbabwe,ZWE,2011,139.38
Zimbabwe,ZWE,2012,136.63
Zimbabwe,ZWE,2013,132.62
Zimbabwe,ZWE,2014,130.59
Zimbabwe,ZWE,2015,128.04
Zimbabwe,ZWE,2016,125.9
Zimbabwe,ZWE,2017,120.84
Zimbabwe,ZWE,2018,118.35
Zimbabwe,ZWE,2019,118.74
