STRUCTURE,STRUCTURE_ID,STRUCTURE_NAME,ACTION,REF_AREA,Reference area,FREQ,Frequency of observation,MEASURE,Measure,AGE,Age,SEX,Sex,UNIT_MEASURE,Unit of measure,METHODOLOGY,Measurement method,TIME_PERIOD,Time period,OBS_VALUE,Observation value,OBS_STATUS,Observation status,UNIT_MULT,Unit multiplier,DECIMALS,Decimals
DATAFLOW,OECD.ELS.HD:DSD_HEALTH_LVNG@DF_HEALTH_LVNG(1.0),Risk factors for health,I,CZE,Czechia,A,Annual,SP_CFRD,Share of population consuming fruits daily,Y_GE15,15 years or over,_T,Total,PT_POP,Percentage of population,SRVY,Survey,2019,,45.4,,A,Normal value,0,Units,,
DATAFLOW,OECD.ELS.HD:DSD_HEALTH_LVNG@DF_HEALTH_LVNG(1.0),Risk factors for health,I,ISR,Israel,A,Annual,SP_OVRGHT_OBS,Share of population who are overweight or obese,_T,Total,_T,Total,PT_POP,Percentage of population,MSRD,Measured,2015,,50.9,,A,Normal value,0,Units,,
DATAFLOW,OECD.ELS.HD:DSD_HEALTH_LVNG@DF_HEALTH_LVNG(1.0),Risk factors for health,I,ESP,Spain,A,Annual,SP_OVRGHT_OBS,Share of population who are overweight or obese,_T,Total,_T,Total,PT_POP,Percentage of population,SR,Self-reporting,2020,,50.2,,A,Normal value,0,Units,,
DATAFLOW,OECD.ELS.HD:DSD_HEALTH_LVNG@DF_HEALTH_LVNG(1.0),Risk factors for health,I,SVK,Slovak Republic,A,Annual,SP_CFRD,Share of population consuming fruits daily,Y_GE15,15 years or over,_T,Total,PT_POP,Percentage of population,SRVY,Survey,2019,,52.9,,A,Normal value,0,Units,,
DATAFLOW,OECD.ELS.HD:DSD_HEALTH_LVNG@DF_HEALTH_LVNG(1.0),Risk factors for health,I,HRV,Croatia,A,Annual,SP_CFRD,Share of population consuming fruits daily,Y_GE15,15 years or over,_T,Total,PT_POP,Percentage of population,SRVY,Survey,2019,,59,,A,Normal value,0,Units,,
DATAFLOW,OECD.ELS.HD:DSD_HEALTH_LVNG@DF_HEALTH_LVNG(1.0),Risk factors for health,I,BEL,Belgium,A,Annual,SP_OVRGHT_OBS,Share of population who are overweight or obese,_T,Total,_T,Total,PT_POP,Percentage of population,MSRD,Measured,2018,,55.4,,A,Normal value,0,Units,,
DATAFLOW,OECD.ELS.HD:DSD_HEALTH_LVNG@DF_HEALTH_LVNG(1.0),Risk factors for health,I,LTU,Lithuania,A,Annual,SP_CFRD,Share of population consuming fruits daily,Y_GE15,15 years or over,_T,Total,PT_POP,Percentage of population,SRVY,Survey,2019,,47.4,,A,Normal value,0,Units,,
DATAFLOW,OECD.ELS.HD:DSD_HEALTH_LVNG@DF_HEALTH_LVNG(1.0),Risk factors for health,I,MEX,Mexico,A,Annual,SP_OVRGHT_OBS,Share of population who are overweight or obese,_T,Total,_T,Total,PT_POP,Percentage of population,MSRD,Measured,2020,,74.1,,A,Normal value,0,Units,,
DATAFLOW,OECD.ELS.HD:DSD_HEALTH_LVNG@DF_HEALTH_LVNG(1.0),Risk factors for health,I,HUN,Hungary,A,Annual,SP_CFRD,Share of population consuming fruits daily,Y_GE15,15 years or over,_T,Total,PT_POP,Percentage of population,SRVY,Survey,2019,,55.4,,A,Normal value,0,Units,,
DATAFLOW,OECD.ELS.HD:DSD_HEALTH_LVNG@DF_HEALTH_LVNG(1.0),Risk factors for health,I,ISL,Iceland,A,Annual,SP_CFRD,Share of population consuming fruits daily,Y_GE15,15 years or over,_T,Total,PT_POP,Percentage of population,SRVY,Survey,2022,,45.5,,D,Definition differs,0,Units,,
DATAFLOW,OECD.ELS.HD:DSD_HEALTH_LVNG@DF_HEALTH_LVNG(1.0),Risk factors for health,I,BEL,Belgium,A,Annual,SP_OVRGHT_OBS,Share of population who are overweight or obese,_T,Total,_T,Total,PT_POP,Percentage of population,SR,Self-reporting,2018,,49.3,,A,Normal value,0,Units,,
DATAFLOW,OECD.ELS.HD:DSD_HEALTH_LVNG@DF_HEALTH_LVNG(1.0),Risk factors for health,I,EST,Estonia,A,Annual,SP_OVRGHT_OBS,Share of population who are overweight or obese,_T,Total,_T,Total,PT_POP,Percentage of population,SR,Self-reporting,2022,,52.7,,A,Normal value,0,Units,,
DATAFLOW,OECD.ELS.HD:DSD_HEALTH_LVNG@DF_HEALTH_LVNG(1.0),Risk factors for health,I,DNK,Denmark,A,Annual,SP_OVRGHT_OBS,Share of population who are overweight or obese,_T,Total,_T,Total,PT_POP,Percentage of population,SR,Self-reporting,2021,,52.6,,A,Normal value,0,Units,,
DATAFLOW,OECD.ELS.HD:DSD_HEALTH_LVNG@DF_HEALTH_LVNG(1.0),Risk factors for health,I,IRL,Ireland,A,Annual,SP_OVRGHT_OBS,Share of population who are overweight or obese,_T,Total,_T,Total,PT_POP,Percentage of population,SR,Self-reporting,2022,,56,,A,Normal value,0,Units,,
DATAFLOW,OECD.ELS.HD:DSD_HEALTH_LVNG@DF_HEALTH_LVNG(1.0),Risk factors for health,I,SVN,Slovenia,A,Annual,SP_OVRGHT_OBS,Share of population who are overweight or obese,_T,Total,_T,Total,PT_POP,Percentage of population,SR,Self-reporting,2019,,56.5,,A,Normal value,0,Units,,
DATAFLOW,OECD.ELS.HD:DSD_HEALTH_LVNG@DF_HEALTH_LVNG(1.0),Risk factors for health,I,USA,United States,A,Annual,SP_CFRD,Share of population consuming fruits daily,Y_GE15,15 years or over,_T,Total,PT_POP,Percentage of population,SRVY,Survey,2018,,54,,A,Normal value,0,Units,,
DATAFLOW,OECD.ELS.HD:DSD_HEALTH_LVNG@DF_HEALTH_LVNG(1.0),Risk factors for health,I,AUS,Australia,A,Annual,SP_CFRD,Share of population consuming fruits daily,Y_GE15,15 years or over,_T,Total,PT_POP,Percentage of population,SRVY,Survey,2017,,94.8,,D,Definition differs,0,Units,,
DATAFLOW,OECD.ELS.HD:DSD_HEALTH_LVNG@DF_HEALTH_LVNG(1.0),Risk factors for health,I,FIN,Finland,A,Annual,SP_OVRGHT_OBS,Share of population who are overweight or obese,_T,Total,_T,Total,PT_POP,Percentage of population,MSRD,Measured,2017,,67.6,,A,Normal value,0,Units,,
DATAFLOW,OECD.ELS.HD:DSD_HEALTH_LVNG@DF_HEALTH_LVNG(1.0),Risk factors for health,I,BRA,Brazil,A,Annual,SP_OVRGHT_OBS,Share of population who are overweight or obese,_T,Total,_T,Total,PT_POP,Percentage of population,MSRD,Measured,2019,,60.3,,D,Definition differs,0,Units,,
DATAFLOW,OECD.ELS.HD:DSD_HEALTH_LVNG@DF_HEALTH_LVNG(1.0),Risk factors for health,I,EST,Estonia,A,Annual,SP_OVRGHT_OBS,Share of population who are overweight or obese,_T,Total,_T,Total,PT_POP,Percentage of population,MSRD,Measured,2014,,51.3,,A,Normal value,0,Units,,
DATAFLOW,OECD.ELS.HD:DSD_HEALTH_LVNG@DF_HEALTH_LVNG(1.0),Risk factors for health,I,MEX,Mexico,A,Annual,SP_CFRD,Share of population consuming fruits daily,Y_GE15,15 years or over,_T,Total,PT_POP,Percentage of population,SRVY,Survey,2020,,50.3,,A,Normal value,0,Units,,
DATAFLOW,OECD.ELS.HD:DSD_HEALTH_LVNG@DF_HEALTH_LVNG(1.0),Risk factors for health,I,LUX,Luxembourg,A,Annual,SP_CFRD,Share of population consuming fruits daily,Y_GE15,15 years or over,_T,Total,PT_POP,Percentage of population,SRVY,Survey,2019,,40.1,,A,Normal value,0,Units,,
DATAFLOW,OECD.ELS.HD:DSD_HEALTH_LVNG@DF_HEALTH_LVNG(1.0),Risk factors for health,I,ISR,Israel,A,Annual,SP_OVRGHT_OBS,Share of population who are overweight or obese,_T,Total,_T,Total,PT_POP,Percentage of population,SR,Self-reporting,2020,,54.7,,A,Normal value,0,Units,,
DATAFLOW,OECD.ELS.HD:DSD_HEALTH_LVNG@DF_HEALTH_LVNG(1.0),Risk factors for health,I,ITA,Italy,A,Annual,SP_OVRGHT_OBS,Share of population who are overweight or obese,_T,Total,_T,Total,PT_POP,Percentage of population,SR,Self-reporting,2021,,46.2,,A,Normal value,0,Units,,
DATAFLOW,OECD.ELS.HD:DSD_HEALTH_LVNG@DF_HEALTH_LVNG(1.0),Risk factors for health,I,POL,Poland,A,Annual,SP_CFRD,Share of population consuming fruits daily,Y_GE15,15 years or over,_T,Total,PT_POP,Percentage of population,SRVY,Survey,2019,,54.4,,A,Normal value,0,Units,,
DATAFLOW,OECD.ELS.HD:DSD_HEALTH_LVNG@DF_HEALTH_LVNG(1.0),Risk factors for health,I,ESP,Spain,A,Annual,SP_CFRD,Share of population consuming fruits daily,Y_GE15,15 years or over,_T,Total,PT_POP,Percentage of population,SRVY,Survey,2020,,67.7,,A,Normal value,0,Units,,
DATAFLOW,OECD.ELS.HD:DSD_HEALTH_LVNG@DF_HEALTH_LVNG(1.0),Risk factors for health,I,HRV,Croatia,A,Annual,SP_OVRGHT_OBS,Share of population who are overweight or obese,_T,Total,_T,Total,PT_POP,Percentage of population,SR,Self-reporting,2019,,63.8,,A,Normal value,0,Units,,
DATAFLOW,OECD.ELS.HD:DSD_HEALTH_LVNG@DF_HEALTH_LVNG(1.0),Risk factors for health,I,JPN,Japan,A,Annual,SP_OVRGHT_OBS,Share of population who are overweight or obese,_T,Total,_T,Total,PT_POP,Percentage of population,MSRD,Measured,2019,,27.2,,A,Normal value,0,Units,,
DATAFLOW,OECD.ELS.HD:DSD_HEALTH_LVNG@DF_HEALTH_LVNG(1.0),Risk factors for health,I,COL,Colombia,A,Annual,SP_CFRD,Share of population consuming fruits daily,Y_GE15,15 years or over,_T,Total,PT_POP,Percentage of population,SRVY,Survey,2015,,75.9,,A,Normal value,0,Units,,
DATAFLOW,OECD.ELS.HD:DSD_HEALTH_LVNG@DF_HEALTH_LVNG(1.0),Risk factors for health,I,AUT,Austria,A,Annual,SP_CFRD,Share of population consuming fruits daily,Y_GE15,15 years or over,_T,Total,PT_POP,Percentage of population,SRVY,Survey,2019,,49.9,,A,Normal value,0,Units,,
DATAFLOW,OECD.ELS.HD:DSD_HEALTH_LVNG@DF_HEALTH_LVNG(1.0),Risk factors for health,I,FRA,France,A,Annual,SP_OVRGHT_OBS,Share of population who are overweight or obese,_T,Total,_T,Total,PT_POP,Percentage of population,MSRD,Measured,2017,,46.4,,A,Normal value,0,Units,,
DATAFLOW,OECD.ELS.HD:DSD_HEALTH_LVNG@DF_HEALTH_LVNG(1.0),Risk factors for health,I,EST,Estonia,A,Annual,SP_CFRD,Share of population consuming fruits daily,Y_GE15,15 years or over,_T,Total,PT_POP,Percentage of population,SRVY,Survey,2019,,49.1,,A,Normal value,0,Units,,
DATAFLOW,OECD.ELS.HD:DSD_HEALTH_LVNG@DF_HEALTH_LVNG(1.0),Risk factors for health,I,CAN,Canada,A,Annual,SP_OVRGHT_OBS,Share of population who are overweight or obese,_T,Total,_T,Total,PT_POP,Percentage of population,SR,Self-reporting,2021,,55.5,,A,Normal value,0,Units,,
DATAFLOW,OECD.ELS.HD:DSD_HEALTH_LVNG@DF_HEALTH_LVNG(1.0),Risk factors for health,I,DEU,Germany,A,Annual,SP_OVRGHT_OBS,Share of population who are overweight or obese,_T,Total,_T,Total,PT_POP,Percentage of population,MSRD,Measured,2012,,60,,A,Normal value,0,Units,,
DATAFLOW,OECD.ELS.HD:DSD_HEALTH_LVNG@DF_HEALTH_LVNG(1.0),Risk factors for health,I,NOR,Norway,A,Annual,SP_OVRGHT_OBS,Share of population who are overweight or obese,_T,Total,_T,Total,PT_POP,Percentage of population,SR,Self-reporting,2022,,52,,B,Time series break,0,Units,,
DATAFLOW,OECD.ELS.HD:DSD_HEALTH_LVNG@DF_HEALTH_LVNG(1.0),Risk factors for health,I,LTU,Lithuania,A,Annual,SP_OVRGHT_OBS,Share of population who are overweight or obese,_T,Total,_T,Total,PT_POP,Percentage of population,SR,Self-reporting,2019,,55,,A,Normal value,0,Units,,
DATAFLOW,OECD.ELS.HD:DSD_HEALTH_LVNG@DF_HEALTH_LVNG(1.0),Risk factors for health,I,SVN,Slovenia,A,Annual,SP_CFRD,Share of population consuming fruits daily,Y_GE15,15 years or over,_T,Total,PT_POP,Percentage of population,SRVY,Survey,2019,,54.8,,A,Normal value,0,Units,,
DATAFLOW,OECD.ELS.HD:DSD_HEALTH_LVNG@DF_HEALTH_LVNG(1.0),Risk factors for health,I,BRA,Brazil,A,Annual,SP_OVRGHT_OBS,Share of population who are overweight or obese,_T,Total,_T,Total,PT_POP,Percentage of population,SR,Self-reporting,2021,,57.2,,A,Normal value,0,Units,,
DATAFLOW,OECD.ELS.HD:DSD_HEALTH_LVNG@DF_HEALTH_LVNG(1.0),Risk factors for health,I,NOR,Norway,A,Annual,SP_CFRD,Share of population consuming fruits daily,Y_GE15,15 years or over,_T,Total,PT_POP,Percentage of population,SRVY,Survey,2022,,58,,B,Time series break,0,Units,,
DATAFLOW,OECD.ELS.HD:DSD_HEALTH_LVNG@DF_HEALTH_LVNG(1.0),Risk factors for health,I,IRL,Ireland,A,Annual,SP_OVRGHT_OBS,Share of population who are overweight or obese,_T,Total,_T,Total,PT_POP,Percentage of population,MSRD,Measured,2019,,61,,A,Normal value,0,Units,,
DATAFLOW,OECD.ELS.HD:DSD_HEALTH_LVNG@DF_HEALTH_LVNG(1.0),Risk factors for health,I,USA,United States,A,Annual,SP_OVRGHT_OBS,Share of population who are overweight or obese,_T,Total,_T,Total,PT_POP,Percentage of population,MSRD,Measured,2018,,73.1,,A,Normal value,0,Units,,
DATAFLOW,OECD.ELS.HD:DSD_HEALTH_LVNG@DF_HEALTH_LVNG(1.0),Risk factors for health,I,DNK,Denmark,A,Annual,SP_CFRD,Share of population consuming fruits daily,Y_GE15,15 years or over,_T,Total,PT_POP,Percentage of population,SRVY,Survey,2021,,45.3,,A,Normal value,0,Units,,
DATAFLOW,OECD.ELS.HD:DSD_HEALTH_LVNG@DF_HEALTH_LVNG(1.0),Risk factors for health,I,PRT,Portugal,A,Annual,SP_CFRD,Share of population consuming fruits daily,Y_GE15,15 years or over,_T,Total,PT_POP,Percentage of population,SRVY,Survey,2019,,66.4,,A,Normal value,0,Units,,
DATAFLOW,OECD.ELS.HD:DSD_HEALTH_LVNG@DF_HEALTH_LVNG(1.0),Risk factors for health,I,CHL,Chile,A,Annual,SP_CFRD,Share of population consuming fruits daily,Y_GE15,15 years or over,_T,Total,PT_POP,Percentage of population,SRVY,Survey,2016,,39.8,,A,Normal value,0,Units,,
DATAFLOW,OECD.ELS.HD:DSD_HEALTH_LVNG@DF_HEALTH_LVNG(1.0),Risk factors for health,I,HUN,Hungary,A,Annual,SP_OVRGHT_OBS,Share of population who are overweight or obese,_T,Total,_T,Total,PT_POP,Percentage of population,MSRD,Measured,2019,,67.6,,A,Normal value,0,Units,,
DATAFLOW,OECD.ELS.HD:DSD_HEALTH_LVNG@DF_HEALTH_LVNG(1.0),Risk factors for health,I,AUT,Austria,A,Annual,SP_OVRGHT_OBS,Share of population who are overweight or obese,_T,Total,_T,Total,PT_POP,Percentage of population,SR,Self-reporting,2019,,51.1,,A,Normal value,0,Units,,
DATAFLOW,OECD.ELS.HD:DSD_HEALTH_LVNG@DF_HEALTH_LVNG(1.0),Risk factors for health,I,AUS,Australia,A,Annual,SP_OVRGHT_OBS,Share of population who are overweight or obese,_T,Total,_T,Total,PT_POP,Percentage of population,SR,Self-reporting,2017,,47.6,,A,Normal value,0,Units,,
DATAFLOW,OECD.ELS.HD:DSD_HEALTH_LVNG@DF_HEALTH_LVNG(1.0),Risk factors for health,I,NLD,Netherlands,A,Annual,SP_OVRGHT_OBS,Share of population who are overweight or obese,_T,Total,_T,Total,PT_POP,Percentage of population,SR,Self-reporting,2021,,48.5,,A,Normal value,0,Units,,
DATAFLOW,OECD.ELS.HD:DSD_HEALTH_LVNG@DF_HEALTH_LVNG(1.0),Risk factors for health,I,ROU,Romania,A,Annual,SP_CFRD,Share of population consuming fruits daily,Y_GE15,15 years or over,_T,Total,PT_POP,Percentage of population,SRVY,Survey,2019,,23.7,,B,Time series break,0,Units,,
DATAFLOW,OECD.ELS.HD:DSD_HEALTH_LVNG@DF_HEALTH_LVNG(1.0),Risk factors for health,I,LUX,Luxembourg,A,Annual,SP_OVRGHT_OBS,Share of population who are overweight or obese,_T,Total,_T,Total,PT_POP,Percentage of population,SR,Self-reporting,2019,,48.4,,D,Definition differs,0,Units,,
DATAFLOW,OECD.ELS.HD:DSD_HEALTH_LVNG@DF_HEALTH_LVNG(1.0),Risk factors for health,I,GBR,United Kingdom,A,Annual,SP_OVRGHT_OBS,Share of population who are overweight or obese,_T,Total,_T,Total,PT_POP,Percentage of population,SR,Self-reporting,2021,,63.8,,D,Definition differs,0,Units,,
DATAFLOW,OECD.ELS.HD:DSD_HEALTH_LVNG@DF_HEALTH_LVNG(1.0),Risk factors for health,I,FRA,France,A,Annual,SP_CFRD,Share of population consuming fruits daily,Y_GE15,15 years or over,_T,Total,PT_POP,Percentage of population,SRVY,Survey,2019,,58.9,,A,Normal value,0,Units,,
DATAFLOW,OECD.ELS.HD:DSD_HEALTH_LVNG@DF_HEALTH_LVNG(1.0),Risk factors for health,I,GRC,Greece,A,Annual,SP_OVRGHT_OBS,Share of population who are overweight or obese,_T,Total,_T,Total,PT_POP,Percentage of population,SR,Self-reporting,2019,,57.2,,A,Normal value,0,Units,,
DATAFLOW,OECD.ELS.HD:DSD_HEALTH_LVNG@DF_HEALTH_LVNG(1.0),Risk factors for health,I,POL,Poland,A,Annual,SP_OVRGHT_OBS,Share of population who are overweight or obese,_T,Total,_T,Total,PT_POP,Percentage of population,SR,Self-reporting,2019,,56.6,,A,Normal value,0,Units,,
DATAFLOW,OECD.ELS.HD:DSD_HEALTH_LVNG@DF_HEALTH_LVNG(1.0),Risk factors for health,I,RUS,Russia,A,Annual,SP_OVRGHT_OBS,Share of population who are overweight or obese,_T,Total,_T,Total,PT_POP,Percentage of population,SR,Self-reporting,2005,,47.7,,A,Normal value,0,Units,,
DATAFLOW,OECD.ELS.HD:DSD_HEALTH_LVNG@DF_HEALTH_LVNG(1.0),Risk factors for health,I,CHE,Switzerland,A,Annual,SP_CFRD,Share of population consuming fruits daily,Y_GE15,15 years or over,_T,Total,PT_POP,Percentage of population,SRVY,Survey,2017,,59.7,,A,Normal value,0,Units,,
DATAFLOW,OECD.ELS.HD:DSD_HEALTH_LVNG@DF_HEALTH_LVNG(1.0),Risk factors for health,I,CAN,Canada,A,Annual,SP_CFRD,Share of population consuming fruits daily,Y_GE15,15 years or over,_T,Total,PT_POP,Percentage of population,SRVY,Survey,2021,,62.1,,A,Normal value,0,Units,,
DATAFLOW,OECD.ELS.HD:DSD_HEALTH_LVNG@DF_HEALTH_LVNG(1.0),Risk factors for health,I,KOR,Korea,A,Annual,SP_OVRGHT_OBS,Share of population who are overweight or obese,_T,Total,_T,Total,PT_POP,Percentage of population,SR,Self-reporting,2018,,30.6,,A,Normal value,0,Units,,
DATAFLOW,OECD.ELS.HD:DSD_HEALTH_LVNG@DF_HEALTH_LVNG(1.0),Risk factors for health,I,PRT,Portugal,A,Annual,SP_OVRGHT_OBS,Share of population who are overweight or obese,_T,Total,_T,Total,PT_POP,Percentage of population,MSRD,Measured,2015,,67.6,,A,Normal value,0,Units,,
DATAFLOW,OECD.ELS.HD:DSD_HEALTH_LVNG@DF_HEALTH_LVNG(1.0),Risk factors for health,I,GBR,United Kingdom,A,Annual,SP_OVRGHT_OBS,Share of population who are overweight or obese,_T,Total,_T,Total,PT_POP,Percentage of population,MSRD,Measured,2019,,64.2,,A,Normal value,0,Units,,
DATAFLOW,OECD.ELS.HD:DSD_HEALTH_LVNG@DF_HEALTH_LVNG(1.0),Risk factors for health,I,LVA,Latvia,A,Annual,SP_OVRGHT_OBS,Share of population who are overweight or obese,_T,Total,_T,Total,PT_POP,Percentage of population,SR,Self-reporting,2014,,52,,A,Normal value,0,Units,,
DATAFLOW,OECD.ELS.HD:DSD_HEALTH_LVNG@DF_HEALTH_LVNG(1.0),Risk factors for health,I,NZL,New Zealand,A,Annual,SP_CFRD,Share of population consuming fruits daily,Y_GE15,15 years or over,_T,Total,PT_POP,Percentage of population,SRVY,Survey,2022,,79.1,,D,Definition differs,0,Units,,
DATAFLOW,OECD.ELS.HD:DSD_HEALTH_LVNG@DF_HEALTH_LVNG(1.0),Risk factors for health,I,NLD,Netherlands,A,Annual,SP_CFRD,Share of population consuming fruits daily,Y_GE15,15 years or over,_T,Total,PT_POP,Percentage of population,SRVY,Survey,2021,,38.6,,A,Normal value,0,Units,,
DATAFLOW,OECD.ELS.HD:DSD_HEALTH_LVNG@DF_HEALTH_LVNG(1.0),Risk factors for health,I,FIN,Finland,A,Annual,SP_CFRD,Share of population consuming fruits daily,Y_GE15,15 years or over,_T,Total,PT_POP,Percentage of population,SRVY,Survey,2020,,41,,A,Normal value,0,Units,,
DATAFLOW,OECD.ELS.HD:DSD_HEALTH_LVNG@DF_HEALTH_LVNG(1.0),Risk factors for health,I,KOR,Korea,A,Annual,SP_OVRGHT_OBS,Share of population who are overweight or obese,_T,Total,_T,Total,PT_POP,Percentage of population,MSRD,Measured,2021,,36.7,,A,Normal value,0,Units,,
DATAFLOW,OECD.ELS.HD:DSD_HEALTH_LVNG@DF_HEALTH_LVNG(1.0),Risk factors for health,I,CHL,Chile,A,Annual,SP_OVRGHT_OBS,Share of population who are overweight or obese,_T,Total,_T,Total,PT_POP,Percentage of population,SR,Self-reporting,2021,,67.7,,A,Normal value,0,Units,,
DATAFLOW,OECD.ELS.HD:DSD_HEALTH_LVNG@DF_HEALTH_LVNG(1.0),Risk factors for health,I,BEL,Belgium,A,Annual,SP_CFRD,Share of population consuming fruits daily,Y_GE15,15 years or over,_T,Total,PT_POP,Percentage of population,SRVY,Survey,2018,,54.8,,A,Normal value,0,Units,,
DATAFLOW,OECD.ELS.HD:DSD_HEALTH_LVNG@DF_HEALTH_LVNG(1.0),Risk factors for health,I,SWE,Sweden,A,Annual,SP_CFRD,Share of population consuming fruits daily,Y_GE15,15 years or over,_T,Total,PT_POP,Percentage of population,SRVY,Survey,2022,,56.1,,A,Normal value,0,Units,,
DATAFLOW,OECD.ELS.HD:DSD_HEALTH_LVNG@DF_HEALTH_LVNG(1.0),Risk factors for health,I,TUR,Türkiye,A,Annual,SP_OVRGHT_OBS,Share of population who are overweight or obese,_T,Total,_T,Total,PT_POP,Percentage of population,MSRD,Measured,2017,,64.4,,A,Normal value,0,Units,,
DATAFLOW,OECD.ELS.HD:DSD_HEALTH_LVNG@DF_HEALTH_LVNG(1.0),Risk factors for health,I,ROU,Romania,A,Annual,SP_OVRGHT_OBS,Share of population who are overweight or obese,_T,Total,_T,Total,PT_POP,Percentage of population,SR,Self-reporting,2019,,66.9,,A,Normal value,0,Units,,
DATAFLOW,OECD.ELS.HD:DSD_HEALTH_LVNG@DF_HEALTH_LVNG(1.0),Risk factors for health,I,TUR,Türkiye,A,Annual,SP_CFRD,Share of population consuming fruits daily,Y_GE15,15 years or over,_T,Total,PT_POP,Percentage of population,SRVY,Survey,2019,,45.7,,A,Normal value,0,Units,,
DATAFLOW,OECD.ELS.HD:DSD_HEALTH_LVNG@DF_HEALTH_LVNG(1.0),Risk factors for health,I,PRT,Portugal,A,Annual,SP_OVRGHT_OBS,Share of population who are overweight or obese,_T,Total,_T,Total,PT_POP,Percentage of population,SR,Self-reporting,2019,,53.5,,D,Definition differs,0,Units,,
DATAFLOW,OECD.ELS.HD:DSD_HEALTH_LVNG@DF_HEALTH_LVNG(1.0),Risk factors for health,I,LVA,Latvia,A,Annual,SP_OVRGHT_OBS,Share of population who are overweight or obese,_T,Total,_T,Total,PT_POP,Percentage of population,MSRD,Measured,2020,,58.8,,D,Definition differs,0,Units,,
DATAFLOW,OECD.ELS.HD:DSD_HEALTH_LVNG@DF_HEALTH_LVNG(1.0),Risk factors for health,I,DEU,Germany,A,Annual,SP_CFRD,Share of population consuming fruits daily,Y_GE15,15 years or over,_T,Total,PT_POP,Percentage of population,SRVY,Survey,2019,,55.8,,A,Normal value,0,Units,,
DATAFLOW,OECD.ELS.HD:DSD_HEALTH_LVNG@DF_HEALTH_LVNG(1.0),Risk factors for health,I,FRA,France,A,Annual,SP_OVRGHT_OBS,Share of population who are overweight or obese,_T,Total,_T,Total,PT_POP,Percentage of population,SR,Self-reporting,2019,,45.3,,A,Normal value,0,Units,,
DATAFLOW,OECD.ELS.HD:DSD_HEALTH_LVNG@DF_HEALTH_LVNG(1.0),Risk factors for health,I,SVK,Slovak Republic,A,Annual,SP_OVRGHT_OBS,Share of population who are overweight or obese,_T,Total,_T,Total,PT_POP,Percentage of population,SR,Self-reporting,2019,,57.7,,A,Normal value,0,Units,,
DATAFLOW,OECD.ELS.HD:DSD_HEALTH_LVNG@DF_HEALTH_LVNG(1.0),Risk factors for health,I,GBR,United Kingdom,A,Annual,SP_CFRD,Share of population consuming fruits daily,Y_GE15,15 years or over,_T,Total,PT_POP,Percentage of population,SRVY,Survey,2014,,62.8,,A,Normal value,0,Units,,
DATAFLOW,OECD.ELS.HD:DSD_HEALTH_LVNG@DF_HEALTH_LVNG(1.0),Risk factors for health,I,CZE,Czechia,A,Annual,SP_OVRGHT_OBS,Share of population who are overweight or obese,_T,Total,_T,Total,PT_POP,Percentage of population,SR,Self-reporting,2019,,58.4,,A,Normal value,0,Units,,
DATAFLOW,OECD.ELS.HD:DSD_HEALTH_LVNG@DF_HEALTH_LVNG(1.0),Risk factors for health,I,CHE,Switzerland,A,Annual,SP_OVRGHT_OBS,Share of population who are overweight or obese,_T,Total,_T,Total,PT_POP,Percentage of population,SR,Self-reporting,2017,,41.8,,A,Normal value,0,Units,,
DATAFLOW,OECD.ELS.HD:DSD_HEALTH_LVNG@DF_HEALTH_LVNG(1.0),Risk factors for health,I,GRC,Greece,A,Annual,SP_CFRD,Share of population consuming fruits daily,Y_GE15,15 years or over,_T,Total,PT_POP,Percentage of population,SRVY,Survey,2019,,49.2,,A,Normal value,0,Units,,
DATAFLOW,OECD.ELS.HD:DSD_HEALTH_LVNG@DF_HEALTH_LVNG(1.0),Risk factors for health,I,LVA,Latvia,A,Annual,SP_CFRD,Share of population consuming fruits daily,Y_GE15,15 years or over,_T,Total,PT_POP,Percentage of population,SRVY,Survey,2020,,32,,A,Normal value,0,Units,,
DATAFLOW,OECD.ELS.HD:DSD_HEALTH_LVNG@DF_HEALTH_LVNG(1.0),Risk factors for health,I,ISL,Iceland,A,Annual,SP_OVRGHT_OBS,Share of population who are overweight or obese,_T,Total,_T,Total,PT_POP,Percentage of population,SR,Self-reporting,2019,,58.5,,A,Normal value,0,Units,,
DATAFLOW,OECD.ELS.HD:DSD_HEALTH_LVNG@DF_HEALTH_LVNG(1.0),Risk factors for health,I,CZE,Czechia,A,Annual,SP_OVRGHT_OBS,Share of population who are overweight or obese,_T,Total,_T,Total,PT_POP,Percentage of population,MSRD,Measured,2010,,55,,A,Normal value,0,Units,,
DATAFLOW,OECD.ELS.HD:DSD_HEALTH_LVNG@DF_HEALTH_LVNG(1.0),Risk factors for health,I,AUS,Australia,A,Annual,SP_OVRGHT_OBS,Share of population who are overweight or obese,_T,Total,_T,Total,PT_POP,Percentage of population,MSRD,Measured,2017,,65.2,,A,Normal value,0,Units,,
DATAFLOW,OECD.ELS.HD:DSD_HEALTH_LVNG@DF_HEALTH_LVNG(1.0),Risk factors for health,I,KOR,Korea,A,Annual,SP_CFRD,Share of population consuming fruits daily,Y_GE15,15 years or over,_T,Total,PT_POP,Percentage of population,SRVY,Survey,2021,,59.8,,A,Normal value,0,Units,,
DATAFLOW,OECD.ELS.HD:DSD_HEALTH_LVNG@DF_HEALTH_LVNG(1.0),Risk factors for health,I,SVK,Slovak Republic,A,Annual,SP_OVRGHT_OBS,Share of population who are overweight or obese,_T,Total,_T,Total,PT_POP,Percentage of population,MSRD,Measured,2008,,51.5,,A,Normal value,0,Units,,
DATAFLOW,OECD.ELS.HD:DSD_HEALTH_LVNG@DF_HEALTH_LVNG(1.0),Risk factors for health,I,SWE,Sweden,A,Annual,SP_OVRGHT_OBS,Share of population who are overweight or obese,_T,Total,_T,Total,PT_POP,Percentage of population,SR,Self-reporting,2021,,51.4,,A,Normal value,0,Units,,
DATAFLOW,OECD.ELS.HD:DSD_HEALTH_LVNG@DF_HEALTH_LVNG(1.0),Risk factors for health,I,USA,United States,A,Annual,SP_OVRGHT_OBS,Share of population who are overweight or obese,_T,Total,_T,Total,PT_POP,Percentage of population,SR,Self-reporting,2021,,67.5,,A,Normal value,0,Units,,
DATAFLOW,OECD.ELS.HD:DSD_HEALTH_LVNG@DF_HEALTH_LVNG(1.0),Risk factors for health,I,IRL,Ireland,A,Annual,SP_CFRD,Share of population consuming fruits daily,Y_GE15,15 years or over,_T,Total,PT_POP,Percentage of population,SRVY,Survey,2021,,65,,A,Normal value,0,Units,,
DATAFLOW,OECD.ELS.HD:DSD_HEALTH_LVNG@DF_HEALTH_LVNG(1.0),Risk factors for health,I,FIN,Finland,A,Annual,SP_OVRGHT_OBS,Share of population who are overweight or obese,_T,Total,_T,Total,PT_POP,Percentage of population,SR,Self-reporting,2020,,60,,D,Definition differs,0,Units,,
DATAFLOW,OECD.ELS.HD:DSD_HEALTH_LVNG@DF_HEALTH_LVNG(1.0),Risk factors for health,I,HUN,Hungary,A,Annual,SP_OVRGHT_OBS,Share of population who are overweight or obese,_T,Total,_T,Total,PT_POP,Percentage of population,SR,Self-reporting,2019,,58.2,,A,Normal value,0,Units,,
DATAFLOW,OECD.ELS.HD:DSD_HEALTH_LVNG@DF_HEALTH_LVNG(1.0),Risk factors for health,I,TUR,Türkiye,A,Annual,SP_OVRGHT_OBS,Share of population who are overweight or obese,_T,Total,_T,Total,PT_POP,Percentage of population,SR,Self-reporting,2019,,56.1,,A,Normal value,0,Units,,
DATAFLOW,OECD.ELS.HD:DSD_HEALTH_LVNG@DF_HEALTH_LVNG(1.0),Risk factors for health,I,ITA,Italy,A,Annual,SP_CFRD,Share of population consuming fruits daily,Y_GE15,15 years or over,_T,Total,PT_POP,Percentage of population,SRVY,Survey,2021,,73.6,,A,Normal value,0,Units,,
DATAFLOW,OECD.ELS.HD:DSD_HEALTH_LVNG@DF_HEALTH_LVNG(1.0),Risk factors for health,I,IDN,Indonesia,A,Annual,SP_OVRGHT_OBS,Share of population who are overweight or obese,_T,Total,_T,Total,PT_POP,Percentage of population,SR,Self-reporting,2014,,25,,A,Normal value,0,Units,,
DATAFLOW,OECD.ELS.HD:DSD_HEALTH_LVNG@DF_HEALTH_LVNG(1.0),Risk factors for health,I,CAN,Canada,A,Annual,SP_OVRGHT_OBS,Share of population who are overweight or obese,_T,Total,_T,Total,PT_POP,Percentage of population,MSRD,Measured,2019,,59.8,,A,Normal value,0,Units,,
DATAFLOW,OECD.ELS.HD:DSD_HEALTH_LVNG@DF_HEALTH_LVNG(1.0),Risk factors for health,I,DEU,Germany,A,Annual,SP_OVRGHT_OBS,Share of population who are overweight or obese,_T,Total,_T,Total,PT_POP,Percentage of population,SR,Self-reporting,2021,,52.7,,A,Normal value,0,Units,,
DATAFLOW,OECD.ELS.HD:DSD_HEALTH_LVNG@DF_HEALTH_LVNG(1.0),Risk factors for health,I,CHL,Chile,A,Annual,SP_OVRGHT_OBS,Share of population who are overweight or obese,_T,Total,_T,Total,PT_POP,Percentage of population,MSRD,Measured,2016,,74.2,,A,Normal value,0,Units,,
DATAFLOW,OECD.ELS.HD:DSD_HEALTH_LVNG@DF_HEALTH_LVNG(1.0),Risk factors for health,I,NZL,New Zealand,A,Annual,SP_OVRGHT_OBS,Share of population who are overweight or obese,_T,Total,_T,Total,PT_POP,Percentage of population,MSRD,Measured,2021,,68.1,,A,Normal value,0,Units,,
DATAFLOW,OECD.ELS.HD:DSD_HEALTH_LVNG@DF_HEALTH_LVNG(1.0),Risk factors for health,I,ISR,Israel,A,Annual,SP_CFRD,Share of population consuming fruits daily,Y_GE15,15 years or over,_T,Total,PT_POP,Percentage of population,SRVY,Survey,2019,,71.6,,D,Definition differs,0,Units,,
